,Id,OrderId,ProductId,UnitPrice,Quantity,OrderDate,CustomerId
0,1,1,11,14.0,12,2019-07-21,85
1,2,1,42,9.8,10,2019-07-21,85
2,3,1,72,34.8,5,2019-07-21,85
3,4,2,14,18.6,9,2019-11-15,79
4,5,2,51,42.4,40,2019-11-15,79
5,6,3,41,7.7,10,2018-03-11,34
6,7,3,51,42.4,35,2018-03-11,34
7,8,3,65,16.8,15,2018-03-11,34
8,9,4,22,16.8,6,2019-06-20,84
9,10,4,57,15.6,15,2019-06-20,84
10,11,4,65,16.8,20,2019-06-20,84
11,12,5,20,64.8,40,2018-12-14,76
12,13,5,33,2.0,25,2018-12-14,76
13,14,5,60,27.2,40,2018-12-14,76
14,15,6,31,10.0,20,2019-07-21,34
15,16,6,39,14.4,42,2019-07-21,34
16,17,6,49,16.0,40,2019-07-21,34
17,18,7,24,3.6,15,2019-01-17,14
18,19,7,55,19.2,21,2019-01-17,14
19,20,7,74,8.0,21,2019-01-17,14
20,21,8,2,15.2,20,2019-06-10,68
21,22,8,16,13.9,35,2019-06-10,68
22,23,8,36,15.2,25,2019-06-10,68
23,24,8,59,44.0,30,2019-06-10,68
24,25,9,53,26.2,15,2019-10-24,88
25,26,9,77,10.4,12,2019-10-24,88
26,27,10,27,35.1,25,2019-06-08,35
27,28,10,39,14.4,6,2019-06-08,35
28,29,10,77,10.4,15,2019-06-08,35
29,30,11,2,15.2,50,2020-01-18,20
30,31,11,5,17.0,65,2020-01-18,20
31,32,11,32,25.6,6,2020-01-18,20
32,33,12,21,8.0,10,2019-07-08,13
33,34,12,37,20.8,1,2019-07-08,13
34,35,13,41,7.7,16,2019-09-05,56
35,36,13,57,15.6,50,2019-09-05,56
36,37,13,62,39.4,15,2019-09-05,56
37,38,13,70,12.0,21,2019-09-05,56
38,39,14,21,8.0,20,2019-06-23,61
39,40,14,35,14.4,20,2019-06-23,61
40,41,15,5,17.0,12,2019-02-24,65
41,42,15,7,24.0,15,2019-02-24,65
42,43,15,56,30.4,2,2019-02-24,65
43,44,16,16,13.9,60,2018-10-30,20
44,45,16,24,3.6,28,2018-10-30,20
45,46,16,30,20.7,60,2018-10-30,20
46,47,16,74,8.0,36,2018-10-30,20
47,48,17,2,15.2,35,2019-11-21,24
48,49,17,41,7.7,25,2019-11-21,24
49,50,18,17,31.2,30,2019-05-28,7
50,51,18,70,12.0,20,2019-05-28,7
51,52,19,12,30.4,12,2018-11-15,87
52,53,20,40,14.7,50,2019-05-05,25
53,54,20,59,44.0,70,2019-05-05,25
54,55,20,76,14.4,15,2019-05-05,25
55,56,21,29,99.0,10,2019-11-29,33
56,57,21,72,27.8,4,2019-11-29,33
57,58,22,33,2.0,60,2019-08-31,89
58,59,22,72,27.8,20,2019-08-31,89
59,60,23,36,15.2,30,2020-07-02,87
60,61,23,43,36.8,25,2020-07-02,87
61,62,24,33,2.0,24,2019-08-30,75
62,63,25,20,64.8,6,2019-04-07,65
63,64,25,31,10.0,40,2019-04-07,65
64,65,25,72,27.8,24,2019-04-07,65
65,66,26,10,24.8,24,2020-01-20,63
66,67,26,31,10.0,15,2020-01-20,63
67,68,26,33,2.0,20,2020-01-20,63
68,69,26,40,14.7,60,2020-01-20,63
69,70,26,76,14.4,33,2020-01-20,63
70,71,27,71,17.2,20,2019-11-21,85
71,72,27,72,27.8,7,2019-11-21,85
72,73,28,24,3.6,12,2019-06-02,49
73,74,28,59,44.0,6,2019-06-02,49
74,75,29,10,24.8,15,2019-01-14,80
75,76,29,13,4.8,10,2019-01-14,80
76,77,30,28,36.4,20,2019-05-24,52
77,78,30,62,39.4,12,2019-05-24,52
78,79,31,44,15.5,16,2019-05-09,5
79,80,31,59,44.0,15,2019-05-09,5
80,81,31,63,35.1,8,2019-05-09,5
81,82,31,73,12.0,25,2019-05-09,5
82,83,32,17,31.2,15,2020-01-13,44
83,84,33,24,3.6,12,2019-08-04,5
84,85,33,55,19.2,20,2019-08-04,5
85,86,33,75,6.2,30,2019-08-04,5
86,87,34,19,7.3,1,2019-08-06,69
87,88,34,24,3.6,6,2019-08-06,69
88,89,34,35,14.4,4,2019-08-06,69
89,90,35,30,20.7,6,2019-03-14,69
90,91,35,57,15.6,2,2019-03-14,69
91,92,36,15,12.4,20,2019-11-03,46
92,93,36,19,7.3,18,2019-11-03,46
93,94,36,60,27.2,35,2019-11-03,46
94,95,36,72,27.8,3,2019-11-03,46
95,96,37,27,35.1,15,2019-11-14,44
96,97,37,44,15.5,21,2019-11-14,44
97,98,37,60,27.2,20,2019-11-14,44
98,99,37,67,11.2,5,2019-11-14,44
99,100,38,1,14.4,45,2019-11-30,63
100,101,38,40,14.7,40,2019-11-30,63
101,102,38,53,26.2,36,2019-11-30,63
102,103,39,35,14.4,100,2019-12-10,63
103,104,39,62,39.4,40,2019-12-10,63
104,105,40,16,13.9,40,2018-12-23,67
105,106,40,34,11.2,20,2018-12-23,67
106,107,40,46,9.6,15,2018-12-23,67
107,108,41,54,5.9,10,2018-09-27,66
108,109,41,68,10.0,3,2018-09-27,66
109,110,42,3,8.0,30,2019-12-17,11
110,111,42,64,26.6,9,2019-12-17,11
111,112,43,5,17.0,20,2020-01-16,15
112,113,43,29,99.0,15,2020-01-16,15
113,114,43,49,16.0,15,2020-01-16,15
114,115,43,77,10.4,10,2020-01-16,15
115,116,44,13,4.8,20,2020-02-26,61
116,117,44,44,15.5,24,2020-02-26,61
117,118,44,51,42.4,2,2020-02-26,61
118,119,45,20,64.8,20,2018-10-13,81
119,120,46,18,50.0,12,2020-05-01,80
120,121,46,24,3.6,10,2020-05-01,80
121,122,46,63,35.1,5,2020-05-01,80
122,123,46,75,6.2,6,2020-05-01,80
123,124,47,1,14.4,18,2020-02-28,65
124,125,47,17,31.2,15,2020-02-28,65
125,126,47,43,36.8,15,2020-02-28,65
126,127,47,60,27.2,21,2020-02-28,65
127,128,47,75,6.2,6,2020-02-28,65
128,129,48,56,30.4,4,2018-11-28,85
129,130,49,11,16.8,12,2018-11-12,46
130,131,49,16,13.9,30,2018-11-12,46
131,132,49,69,28.8,15,2018-11-12,46
132,133,50,39,14.4,60,2019-04-07,7
133,134,50,72,27.8,20,2019-04-07,7
134,135,51,2,15.2,40,2018-10-30,37
135,136,51,36,15.2,40,2018-10-30,37
136,137,51,59,44.0,30,2018-10-30,37
137,138,51,62,39.4,15,2018-10-30,37
138,139,52,19,7.3,15,2018-10-28,67
139,140,52,70,12.0,20,2018-10-28,67
140,141,53,66,13.6,30,2019-02-20,49
141,142,53,68,10.0,20,2019-02-20,49
142,143,54,40,14.7,10,2019-01-18,86
143,144,54,56,30.4,20,2019-01-18,86
144,145,55,17,31.2,40,2019-03-05,76
145,146,55,28,36.4,28,2019-03-05,76
146,147,55,43,36.8,12,2019-03-05,76
147,148,56,40,14.7,40,2019-09-05,30
148,149,56,65,16.8,30,2019-09-05,30
149,150,56,68,10.0,15,2019-09-05,30
150,151,57,49,16.0,30,2018-07-29,80
151,152,57,59,44.0,10,2018-07-29,80
152,153,57,71,17.2,2,2018-07-29,80
153,154,58,18,50.0,25,2019-09-13,55
154,155,58,29,99.0,25,2019-09-13,55
155,156,58,39,14.4,30,2019-09-13,55
156,157,59,30,20.7,10,2019-03-24,69
157,158,59,53,26.2,10,2019-03-24,69
158,159,59,54,5.9,5,2019-03-24,69
159,160,60,62,39.4,10,2018-07-18,48
160,161,60,68,10.0,3,2018-07-18,48
161,162,61,69,28.8,1,2019-03-12,2
162,163,61,70,12.0,5,2019-03-12,2
163,164,62,4,17.6,20,2018-09-28,37
164,165,62,6,20.0,30,2018-09-28,37
165,166,62,42,11.2,2,2018-09-28,37
166,167,62,43,36.8,20,2018-09-28,37
167,168,62,71,17.2,3,2018-09-28,37
168,169,63,16,13.9,10,2018-10-26,77
169,170,63,62,39.4,5,2018-10-26,77
170,171,64,42,11.2,6,2019-05-21,18
171,172,64,69,28.8,7,2019-05-21,18
172,173,65,28,36.4,4,2018-07-08,86
173,174,65,43,36.8,24,2018-07-08,86
174,175,65,53,26.2,20,2018-07-08,86
175,176,65,75,6.2,10,2018-07-08,86
176,177,66,36,15.2,12,2019-09-21,63
177,178,67,32,25.6,40,2019-06-04,65
178,179,67,58,10.6,30,2019-06-04,65
179,180,67,62,39.4,25,2019-06-04,65
180,181,68,34,11.2,14,2018-08-29,38
181,182,68,70,12.0,30,2018-08-29,38
182,183,69,41,7.7,10,2018-09-16,65
183,184,69,62,39.4,70,2018-09-16,65
184,185,70,1,14.4,20,2019-01-26,48
185,186,71,41,7.7,20,2019-01-17,38
186,187,71,76,14.4,6,2019-01-17,38
187,188,72,17,31.2,8,2019-10-07,80
188,189,72,28,36.4,14,2019-10-07,80
189,190,72,76,14.4,30,2019-10-07,80
190,191,73,71,17.2,30,2018-08-14,87
191,192,74,35,14.4,10,2019-05-28,38
192,193,75,52,5.6,20,2019-04-23,58
193,194,76,15,12.4,5,2019-10-30,39
194,195,76,25,11.2,4,2019-10-30,39
195,196,76,39,14.4,4,2019-10-30,39
196,197,77,16,13.9,21,2019-05-13,71
197,198,77,35,14.4,70,2019-05-13,71
198,199,77,46,9.6,30,2019-05-13,71
199,200,77,59,44.0,40,2019-05-13,71
200,201,77,63,35.1,80,2019-05-13,71
201,202,78,6,20.0,6,2018-02-11,39
202,203,78,13,4.8,12,2018-02-11,39
203,204,78,14,18.6,9,2018-02-11,39
204,205,78,31,10.0,4,2018-02-11,39
205,206,78,72,27.8,40,2018-02-11,39
206,207,79,4,17.6,24,2019-04-17,8
207,208,79,57,15.6,16,2019-04-17,8
208,209,79,75,6.2,50,2019-04-17,8
209,210,80,2,15.2,25,2019-09-10,24
210,211,80,11,16.8,50,2019-09-10,24
211,212,80,30,20.7,35,2019-09-10,24
212,213,80,58,10.6,30,2019-09-10,24
213,214,81,59,44.0,9,2019-02-14,28
214,215,81,65,16.8,40,2019-02-14,28
215,216,81,68,10.0,10,2019-02-14,28
216,217,82,19,7.3,10,2019-06-27,75
217,218,82,30,20.7,8,2019-06-27,75
218,219,82,38,210.8,20,2019-06-27,75
219,220,82,56,30.4,12,2019-06-27,75
220,221,83,26,24.9,50,2019-11-22,46
221,222,83,72,27.8,25,2019-11-22,46
222,223,84,54,5.9,15,2019-02-19,9
223,224,85,18,50.0,40,2019-03-14,51
224,225,85,42,11.2,10,2019-03-14,51
225,226,85,47,7.6,16,2019-03-14,51
226,227,86,14,18.6,10,2020-05-02,87
227,228,86,21,8.0,10,2020-05-02,87
228,229,86,71,17.2,40,2020-05-02,87
229,230,87,52,5.6,8,2019-06-05,84
230,231,87,68,10.0,10,2019-06-05,84
231,232,88,2,15.2,7,2019-08-14,37
232,233,88,31,10.0,25,2019-08-14,37
233,234,88,32,25.6,6,2019-08-14,37
234,235,88,51,42.4,48,2019-08-14,37
235,236,89,4,17.6,18,2019-11-19,60
236,237,90,23,7.2,40,2018-09-13,25
237,238,90,26,24.9,24,2018-09-13,25
238,239,90,36,15.2,20,2018-09-13,25
239,240,90,37,20.8,28,2018-09-13,25
240,241,90,72,27.8,25,2018-09-13,25
241,242,91,17,31.2,20,2018-09-23,55
242,243,91,30,20.7,15,2018-09-23,55
243,244,92,4,17.6,10,2019-01-18,51
244,245,92,17,31.2,70,2019-01-18,51
245,246,92,62,39.4,28,2019-01-18,51
246,247,93,18,50.0,20,2018-11-20,9
247,248,93,41,7.7,12,2018-11-20,9
248,249,93,43,36.8,40,2018-11-20,9
249,250,94,33,2.0,8,2018-10-19,73
250,251,94,59,44.0,9,2018-10-19,73
251,252,95,2,15.2,24,2018-04-11,25
252,253,95,31,10.0,56,2018-04-11,25
253,254,95,36,15.2,40,2018-04-11,25
254,255,95,55,19.2,40,2018-04-11,25
255,256,96,64,26.6,50,2019-04-30,44
256,257,96,68,10.0,4,2019-04-30,44
257,258,96,76,14.4,15,2019-04-30,44
258,259,97,4,17.6,35,2019-06-12,89
259,260,97,8,32.0,70,2019-06-12,89
260,261,98,8,32.0,70,2019-10-21,63
261,262,98,19,7.3,80,2019-10-21,63
262,263,98,42,11.2,9,2019-10-21,63
263,264,99,17,31.2,36,2019-01-21,65
264,265,99,56,30.4,20,2019-01-21,65
265,266,100,25,11.2,10,2019-01-22,21
266,267,100,39,14.4,50,2019-01-22,21
267,268,100,40,14.7,4,2019-01-22,21
268,269,100,75,6.2,6,2019-01-22,21
269,270,101,1,14.4,15,2019-08-22,86
270,271,101,23,7.2,25,2019-08-22,86
271,272,102,54,5.9,24,2019-02-26,75
272,273,103,50,13.0,15,2020-01-19,41
273,274,103,69,28.8,18,2020-01-19,41
274,275,104,38,210.8,20,2019-03-30,20
275,276,104,41,7.7,13,2019-03-30,20
276,277,104,44,15.5,77,2019-03-30,20
277,278,104,65,16.8,10,2019-03-30,20
278,279,105,24,3.6,10,2019-03-04,28
279,280,105,54,5.9,20,2019-03-04,28
280,281,106,11,16.8,12,2020-01-20,59
281,282,106,38,210.8,50,2020-01-20,59
282,283,107,1,14.4,12,2018-12-16,58
283,284,107,29,99.0,4,2018-12-16,58
284,285,108,24,3.6,25,2019-05-07,4
285,286,108,57,15.6,25,2019-05-07,4
286,287,109,31,10.0,30,2018-10-22,86
287,288,109,55,19.2,12,2018-10-22,86
288,289,109,69,28.8,20,2018-10-22,86
289,290,110,10,24.8,30,2018-09-15,46
290,291,110,26,24.9,16,2018-09-15,46
291,292,110,60,27.2,8,2018-09-15,46
292,293,111,24,3.6,10,2018-08-13,41
293,294,111,34,11.2,10,2018-08-13,41
294,295,111,36,15.2,20,2018-08-13,41
295,296,112,16,13.9,56,2020-02-24,72
296,297,112,31,10.0,70,2020-02-24,72
297,298,112,60,27.2,80,2020-02-24,72
298,299,113,28,36.4,30,2019-03-09,7
299,300,113,29,99.0,35,2019-03-09,7
300,301,113,38,210.8,10,2019-03-09,7
301,302,113,49,16.0,35,2019-03-09,7
302,303,113,54,5.9,28,2019-03-09,7
303,304,114,39,14.4,54,2019-02-06,63
304,305,114,60,27.2,55,2019-02-06,63
305,306,115,25,11.2,50,2019-02-08,9
306,307,115,51,42.4,20,2019-02-08,9
307,308,115,54,5.9,24,2019-02-08,9
308,309,116,31,10.0,20,2019-06-30,17
309,310,116,75,6.2,12,2019-06-30,17
310,311,116,76,14.4,12,2019-06-30,17
311,312,117,69,28.8,30,2018-07-15,19
312,313,117,71,17.2,5,2018-07-15,19
313,314,118,11,16.8,24,2019-01-30,3
314,315,119,65,16.8,5,2019-08-17,29
315,316,119,77,10.4,5,2019-08-17,29
316,317,120,34,11.2,36,2019-06-01,83
317,318,120,54,5.9,18,2019-06-01,83
318,319,120,65,16.8,15,2019-06-01,83
319,320,120,77,10.4,7,2019-06-01,83
320,321,121,21,8.0,5,2019-05-26,20
321,322,121,28,36.4,13,2019-05-26,20
322,323,121,57,15.6,25,2019-05-26,20
323,324,121,64,26.6,35,2019-05-26,20
324,325,122,29,99.0,20,2019-09-10,75
325,326,122,56,30.4,18,2019-09-10,75
326,327,123,1,14.4,15,2018-10-16,14
327,328,123,64,26.6,30,2018-10-16,14
328,329,123,74,8.0,20,2018-10-16,14
329,330,124,36,15.2,6,2019-07-13,41
330,331,125,20,64.8,12,2019-05-29,62
331,332,125,38,210.8,40,2019-05-29,62
332,333,125,60,27.2,70,2019-05-29,62
333,334,125,72,27.8,42,2019-05-29,62
334,335,126,58,10.6,80,2019-12-15,37
335,336,126,71,17.2,50,2019-12-15,37
336,337,127,31,10.0,30,2019-12-09,91
337,338,127,58,10.6,15,2019-12-09,91
338,339,128,14,18.6,15,2020-02-16,36
339,340,128,54,5.9,10,2020-02-16,36
340,341,129,31,10.0,42,2019-05-09,51
341,342,130,28,36.4,20,2019-11-07,72
342,343,130,39,14.4,20,2019-11-07,72
343,344,131,71,17.2,6,2020-06-02,24
344,345,132,41,7.7,8,2020-01-23,61
345,346,132,63,35.1,16,2020-01-23,61
346,347,132,65,16.8,20,2020-01-23,61
347,348,133,30,20.7,18,2019-10-30,37
348,349,133,53,26.2,20,2019-10-30,37
349,350,133,60,27.2,6,2019-10-30,37
350,351,133,70,12.0,30,2019-10-30,37
351,352,134,74,8.0,14,2018-11-10,46
352,353,135,5,17.0,32,2019-04-15,20
353,354,135,18,50.0,9,2019-04-15,20
354,355,135,29,99.0,14,2019-04-15,20
355,356,135,33,2.0,60,2019-04-15,20
356,357,135,74,8.0,50,2019-04-15,20
357,358,136,13,4.8,20,2019-04-12,4
358,359,136,50,13.0,15,2019-04-12,4
359,360,136,56,30.4,20,2019-04-12,4
360,361,137,20,64.8,28,2019-11-24,5
361,362,137,60,27.2,15,2019-11-24,5
362,363,138,7,24.0,10,2019-07-14,75
363,364,138,60,27.2,20,2019-07-14,75
364,365,138,68,10.0,8,2019-07-14,75
365,366,139,24,3.6,15,2019-06-28,21
366,367,139,34,11.2,10,2019-06-28,21
367,368,140,24,3.6,15,2018-03-09,70
368,369,140,28,36.4,6,2018-03-09,70
369,370,140,59,44.0,12,2018-03-09,70
370,371,140,71,17.2,15,2018-03-09,70
371,372,141,45,7.6,15,2019-09-10,72
372,373,141,52,5.6,20,2019-09-10,72
373,374,141,53,26.2,40,2019-09-10,72
374,375,142,10,24.8,16,2019-04-18,10
375,376,142,55,19.2,15,2019-04-18,10
376,377,142,62,39.4,20,2019-04-18,10
377,378,142,70,12.0,30,2019-04-18,10
378,379,143,31,10.0,60,2018-08-30,20
379,380,143,35,14.4,40,2018-08-30,20
380,381,143,46,9.6,45,2018-08-30,20
381,382,143,72,27.8,24,2018-08-30,20
382,383,144,13,4.8,18,2018-08-15,17
383,384,145,69,28.8,50,2018-08-17,59
384,385,146,2,15.2,25,2018-10-13,71
385,386,146,14,18.6,42,2018-10-13,71
386,387,146,25,11.2,7,2018-10-13,71
387,388,146,26,24.9,70,2018-10-13,71
388,389,146,31,10.0,32,2018-10-13,71
389,390,147,13,4.8,10,2019-07-17,36
390,391,147,62,39.4,10,2019-07-17,36
391,392,148,46,9.6,28,2019-06-30,35
392,393,148,53,26.2,70,2019-06-30,35
393,394,148,69,28.8,8,2019-06-30,35
394,395,149,23,7.2,40,2018-03-09,25
395,396,149,71,17.2,60,2018-03-09,25
396,397,149,72,27.8,21,2018-03-09,25
397,398,150,21,8.0,10,2019-04-10,60
398,399,150,51,42.4,18,2019-04-10,60
399,400,151,35,14.4,30,2019-03-22,71
400,401,151,55,19.2,120,2019-03-22,71
401,402,152,68,10.0,60,2020-12-01,83
402,403,152,71,17.2,30,2020-12-01,83
403,404,152,76,14.4,35,2020-12-01,83
404,405,152,77,10.4,14,2020-12-01,83
405,406,153,29,99.0,21,2018-12-12,19
406,407,153,35,14.4,35,2018-12-12,19
407,408,153,49,16.0,30,2018-12-12,19
408,409,154,30,20.7,18,2019-08-07,65
409,410,154,56,30.4,70,2019-08-07,65
410,411,154,65,16.8,20,2019-08-07,65
411,412,154,71,17.2,60,2019-08-07,65
412,413,155,23,7.2,60,2018-11-18,20
413,414,155,63,35.1,65,2018-11-18,20
414,415,156,16,13.9,21,2019-01-17,20
415,416,156,48,10.2,70,2019-01-17,20
416,417,157,26,24.9,30,2020-04-02,49
417,418,157,42,11.2,40,2020-04-02,49
418,419,157,49,16.0,30,2020-04-02,49
419,420,158,3,8.0,50,2019-10-17,47
420,421,159,1,14.4,10,2018-05-07,62
421,422,159,21,8.0,30,2018-05-07,62
422,423,159,28,36.4,42,2018-05-07,62
423,424,159,36,15.2,5,2018-05-07,62
424,425,159,40,14.7,2,2018-05-07,62
425,426,160,11,16.8,30,2019-09-21,56
426,427,160,69,28.8,15,2019-09-21,56
427,428,160,71,17.2,15,2019-09-21,56
428,429,161,37,20.8,10,2019-07-16,23
429,430,161,54,5.9,6,2019-07-16,23
430,431,161,62,39.4,35,2019-07-16,23
431,432,162,14,18.6,12,2020-01-15,54
432,433,162,21,8.0,12,2020-01-15,54
433,434,163,33,2.0,49,2019-09-21,10
434,435,163,59,44.0,16,2019-09-21,10
435,436,164,41,7.7,25,2019-12-31,10
436,437,164,44,15.5,40,2019-12-31,10
437,438,164,59,44.0,9,2019-12-31,10
438,439,165,14,18.6,20,2018-12-18,87
439,440,166,1,14.4,24,2019-12-09,41
440,441,166,62,39.4,40,2019-12-09,41
441,442,166,76,14.4,14,2019-12-09,41
442,443,167,19,7.3,18,2019-09-26,21
443,444,167,33,2.0,50,2019-09-26,21
444,445,168,17,31.2,2,2019-05-30,36
445,446,168,33,2.0,20,2019-05-30,36
446,447,169,19,7.3,20,2019-07-05,87
447,448,169,53,26.2,10,2019-07-05,87
448,449,169,57,15.6,20,2019-07-05,87
449,450,170,38,210.8,50,2020-07-01,73
450,451,170,46,9.6,2,2020-07-01,73
451,452,170,68,10.0,36,2020-07-01,73
452,453,170,77,10.4,35,2020-07-01,73
453,454,171,2,15.2,60,2018-03-07,63
454,455,171,47,7.6,55,2018-03-07,63
455,456,171,61,22.8,16,2018-03-07,63
456,457,171,74,8.0,15,2018-03-07,63
457,458,172,60,27.2,60,2019-10-01,68
458,459,172,69,28.8,20,2019-10-01,68
459,460,173,9,77.6,20,2019-06-13,88
460,461,173,13,4.8,2,2019-06-13,88
461,462,173,70,12.0,8,2019-06-13,88
462,463,173,73,12.0,20,2019-06-13,88
463,464,174,19,7.3,4,2019-12-26,61
464,465,174,26,24.9,30,2019-12-26,61
465,466,174,53,26.2,15,2019-12-26,61
466,467,174,77,10.4,10,2019-12-26,61
467,468,175,26,24.9,2,2019-09-18,27
468,469,176,31,10.0,14,2020-02-15,31
469,470,176,59,44.0,20,2020-02-15,31
470,471,177,35,14.4,60,2019-08-14,51
471,472,177,38,210.8,49,2019-08-14,51
472,473,177,68,10.0,30,2019-08-14,51
473,474,178,55,19.2,10,2019-03-24,41
474,475,178,76,14.4,20,2019-03-24,41
475,476,179,56,30.4,5,2018-10-13,29
476,477,179,64,26.6,7,2018-10-13,29
477,478,180,14,18.6,35,2019-08-06,59
478,479,181,46,9.6,20,2018-12-17,66
479,480,182,50,13.0,40,2019-09-13,37
480,481,182,63,35.1,35,2019-09-13,37
481,482,183,17,31.2,45,2019-01-10,20
482,483,183,21,8.0,50,2019-01-10,20
483,484,183,56,30.4,30,2019-01-10,20
484,485,183,59,44.0,70,2019-01-10,20
485,486,184,17,31.2,50,2019-06-21,10
486,487,184,40,14.7,50,2019-06-21,10
487,488,184,47,7.6,30,2019-06-21,10
488,489,185,26,24.9,10,2019-11-08,75
489,490,185,54,5.9,40,2019-11-08,75
490,491,186,56,30.4,28,2019-06-19,60
491,492,187,11,16.8,6,2019-12-30,24
492,493,187,76,14.4,18,2019-12-30,24
493,494,188,2,15.2,10,2019-09-24,16
494,495,188,22,16.8,12,2019-09-24,16
495,496,188,72,27.8,10,2019-09-24,16
496,497,189,46,9.6,5,2020-02-03,7
497,498,189,56,30.4,40,2020-02-03,7
498,499,189,64,26.6,30,2020-02-03,7
499,500,189,75,6.2,24,2020-02-03,7
500,501,190,53,26.2,15,2019-10-17,87
501,502,191,19,7.3,15,2019-12-19,79
502,503,191,34,11.2,20,2019-12-19,79
503,504,191,57,15.6,15,2019-12-19,79
504,505,192,12,30.4,15,2018-04-08,51
505,506,192,16,13.9,16,2018-04-08,51
506,507,192,64,26.6,6,2018-04-08,51
507,508,192,74,8.0,30,2018-04-08,51
508,509,193,2,15.2,45,2019-08-15,71
509,510,193,16,13.9,49,2019-08-15,71
510,511,193,29,99.0,24,2019-08-15,71
511,512,193,61,22.8,90,2019-08-15,71
512,513,194,27,35.1,50,2018-10-14,55
513,514,195,11,16.8,30,2019-12-12,20
514,515,195,54,5.9,80,2019-12-12,20
515,516,195,66,13.6,60,2019-12-12,20
516,517,196,11,16.8,6,2019-10-31,66
517,518,196,28,36.4,12,2019-10-31,66
518,519,197,17,31.2,10,2019-02-18,5
519,520,197,26,24.9,15,2019-02-18,5
520,521,197,35,14.4,8,2019-02-18,5
521,522,197,41,7.7,30,2019-02-18,5
522,523,198,39,14.4,6,2019-05-16,5
523,524,198,54,5.9,15,2019-05-16,5
524,525,199,19,7.3,12,2019-04-14,79
525,526,199,24,3.6,20,2019-04-14,79
526,527,199,31,10.0,3,2019-04-14,79
527,528,199,52,5.6,15,2019-04-14,79
528,529,200,19,7.3,40,2019-10-23,67
529,530,200,65,16.8,35,2019-10-23,67
530,531,200,71,17.2,2,2019-10-23,67
531,532,201,26,24.9,6,2019-03-05,64
532,533,201,40,14.7,20,2019-03-05,64
533,534,202,10,24.8,14,2018-03-10,7
534,535,202,52,5.6,20,2018-03-10,7
535,536,202,62,39.4,35,2018-03-10,7
536,537,203,10,24.8,20,2018-12-18,84
537,538,203,54,5.9,6,2018-12-18,84
538,539,204,55,19.2,120,2020-01-23,63
539,540,204,64,26.6,35,2020-01-23,63
540,541,204,65,16.8,28,2020-01-23,63
541,542,204,77,10.4,55,2020-01-23,63
542,543,205,28,36.4,15,2019-12-11,71
543,544,205,44,15.5,100,2019-12-11,71
544,545,206,48,10.2,15,2018-12-18,4
545,546,206,70,12.0,25,2018-12-18,4
546,547,207,16,13.9,20,2020-09-02,41
547,548,207,33,2.0,20,2020-09-02,41
548,549,207,46,9.6,10,2020-09-02,41
549,550,208,39,14.4,20,2020-07-02,87
550,551,208,53,26.2,50,2020-07-02,87
551,552,208,61,22.8,25,2020-07-02,87
552,553,208,71,17.2,30,2020-07-02,87
553,554,209,21,8.0,40,2020-04-01,39
554,555,209,49,16.0,21,2020-04-01,39
555,556,210,59,44.0,36,2019-07-24,39
556,557,211,26,24.9,30,2019-04-13,76
557,558,211,28,36.4,30,2019-04-13,76
558,559,211,43,36.8,20,2019-04-13,76
559,560,211,56,30.4,15,2019-04-13,76
560,561,211,71,17.2,50,2019-04-13,76
561,562,212,7,24.0,16,2019-03-26,84
562,563,212,46,9.6,20,2019-03-26,84
563,564,212,72,27.8,40,2019-03-26,84
564,565,213,68,10.0,21,2019-10-30,24
565,566,213,75,6.2,4,2019-10-30,24
566,567,214,21,8.0,40,2019-01-08,46
567,568,214,30,20.7,28,2019-01-08,46
568,569,214,55,19.2,60,2019-01-08,46
569,570,215,13,4.8,1,2019-09-12,16
570,571,215,23,7.2,21,2019-09-12,16
571,572,216,19,7.3,21,2019-01-30,76
572,573,216,42,11.2,50,2019-01-30,76
573,574,217,4,17.6,16,2018-10-14,28
574,575,217,43,36.8,3,2018-10-14,28
575,576,217,56,30.4,30,2018-10-14,28
576,577,217,60,27.2,20,2018-10-14,28
577,578,218,24,3.6,25,2019-11-17,83
578,579,218,29,99.0,18,2019-11-17,83
579,580,218,40,14.7,20,2019-11-17,83
580,581,218,45,7.6,30,2019-11-17,83
581,582,218,50,13.0,25,2019-11-17,83
582,583,219,11,16.8,10,2019-06-28,15
583,584,219,46,9.6,5,2019-06-28,15
584,585,220,24,3.6,28,2019-04-29,49
585,586,220,25,11.2,12,2019-04-29,49
586,587,221,30,20.7,8,2019-08-29,39
587,588,221,43,36.8,15,2019-08-29,39
588,589,222,2,15.2,40,2020-02-20,89
589,590,222,16,13.9,35,2020-02-20,89
590,591,222,44,15.5,2,2020-02-20,89
591,592,223,18,50.0,30,2019-11-11,9
592,593,223,23,7.2,15,2019-11-11,9
593,594,223,64,26.6,8,2019-11-11,9
594,595,224,7,24.0,30,2018-09-18,11
595,596,224,56,30.4,20,2018-09-18,11
596,597,225,24,3.6,80,2018-11-11,72
597,598,225,51,42.4,18,2018-11-11,72
598,599,226,33,2.0,12,2019-05-09,38
599,600,226,71,17.2,12,2019-05-09,38
600,601,227,14,18.6,12,2019-11-12,58
601,602,227,28,36.4,18,2019-11-12,58
602,603,227,40,14.7,21,2019-11-12,58
603,604,227,75,6.2,10,2019-11-12,58
604,605,228,31,10.0,35,2018-10-27,76
605,606,228,66,13.6,60,2018-10-27,76
606,607,228,76,14.4,42,2018-10-27,76
607,608,229,55,19.2,2,2019-02-26,35
608,609,229,70,12.0,12,2019-02-26,35
609,610,230,1,14.4,15,2019-02-18,60
610,611,230,21,8.0,21,2019-02-18,60
611,612,230,39,14.4,20,2019-02-18,60
612,613,231,10,24.8,20,2019-09-15,84
613,614,232,38,210.8,30,2019-08-04,65
614,615,232,53,26.2,28,2019-08-04,65
615,616,232,59,44.0,60,2019-08-04,65
616,617,232,64,26.6,30,2019-08-04,65
617,618,233,47,7.6,30,2018-09-24,23
618,619,233,59,44.0,12,2018-09-24,23
619,620,234,49,16.0,24,2019-01-17,67
620,621,234,60,27.2,40,2019-01-17,67
621,622,235,40,14.7,10,2018-11-11,43
622,623,236,34,11.2,35,2018-04-09,89
623,624,236,77,10.4,30,2018-04-09,89
624,625,237,21,8.0,14,2019-12-30,11
625,626,237,40,14.7,10,2019-12-30,11
626,627,237,51,42.4,3,2019-12-30,11
627,628,238,2,15.2,20,2018-09-19,47
628,629,238,3,8.0,20,2018-09-19,47
629,630,238,55,19.2,30,2018-09-19,47
630,631,238,70,12.0,60,2018-09-19,47
631,632,239,11,16.8,5,2020-01-03,35
632,633,239,51,42.4,25,2020-01-03,35
633,634,239,74,8.0,16,2020-01-03,35
634,635,240,19,7.3,5,2019-09-06,62
635,636,240,26,24.9,30,2019-09-06,62
636,637,240,54,5.9,24,2019-09-06,62
637,638,241,59,44.0,30,2019-11-18,25
638,639,241,73,12.0,20,2019-11-18,25
639,640,242,11,16.8,15,2019-03-28,59
640,641,242,16,13.9,18,2019-03-28,59
641,642,243,59,44.0,60,2019-09-26,35
642,643,243,68,10.0,30,2019-09-26,35
643,644,243,75,6.2,36,2019-09-26,35
644,645,244,44,15.5,15,2019-08-02,28
645,646,244,77,10.4,7,2019-08-02,28
646,647,245,25,11.2,60,2019-07-07,10
647,648,245,42,11.2,20,2019-07-07,10
648,649,246,65,16.8,15,2020-01-30,41
649,650,246,66,13.6,10,2020-01-30,41
650,651,246,69,28.8,10,2020-01-30,41
651,652,247,56,30.4,30,2019-12-30,15
652,653,248,23,7.2,10,2019-07-24,42
653,654,248,41,7.7,20,2019-07-24,42
654,655,248,77,10.4,5,2019-07-24,42
655,656,249,31,10.0,20,2019-04-29,81
656,657,250,56,30.4,14,2019-06-14,44
657,658,250,72,27.8,25,2019-06-14,44
658,659,250,77,10.4,25,2019-06-14,44
659,660,251,24,4.5,14,2019-07-02,35
660,661,251,40,18.4,5,2019-07-02,35
661,662,251,42,14.0,30,2019-07-02,35
662,663,252,28,45.6,20,2018-04-09,46
663,664,252,49,20.0,25,2018-04-09,46
664,665,253,15,15.5,12,2019-05-04,41
665,666,253,28,45.6,8,2019-05-04,41
666,667,254,54,7.45,20,2020-03-02,6
667,668,255,45,9.5,21,2019-02-20,58
668,669,255,53,32.8,6,2019-02-20,58
669,670,255,67,14.0,30,2019-02-20,58
670,671,256,14,23.25,70,2018-10-08,37
671,672,256,65,21.05,20,2018-10-08,37
672,673,257,2,19.0,12,2018-10-24,89
673,674,257,21,10.0,12,2018-10-24,89
674,675,257,53,32.8,10,2018-10-24,89
675,676,257,61,28.5,25,2018-10-24,89
676,677,258,62,49.3,3,2019-03-10,51
677,678,259,25,14.0,18,2018-10-15,39
678,679,259,70,15.0,14,2018-10-15,39
679,680,260,43,46.0,15,2019-07-20,3
680,681,260,48,12.75,15,2019-07-20,3
681,682,261,13,6.0,10,2019-07-13,56
682,683,261,39,18.0,10,2019-07-13,56
683,684,262,28,45.6,3,2018-10-27,6
684,685,263,29,123.79,36,2018-09-17,71
685,686,263,75,7.75,36,2018-09-17,71
686,687,264,4,22.0,50,2018-08-08,9
687,688,264,7,30.0,50,2018-08-08,9
688,689,264,8,40.0,10,2018-08-08,9
689,690,265,24,4.5,10,2020-01-25,21
690,691,265,46,12.0,9,2020-01-25,21
691,692,265,47,9.5,6,2020-01-25,21
692,693,265,60,34.0,12,2020-01-25,21
693,694,266,21,10.0,40,2019-04-20,86
694,695,266,32,32.0,50,2019-04-20,86
695,696,266,61,28.5,15,2019-04-20,86
696,697,267,20,81.0,39,2019-06-29,20
697,698,267,28,45.6,35,2019-06-29,20
698,699,267,56,38.0,70,2019-06-29,20
699,700,267,65,21.05,39,2019-06-29,20
700,701,267,75,7.75,50,2019-06-29,20
701,702,268,9,97.0,16,2019-05-22,63
702,703,268,16,17.45,50,2019-05-22,63
703,704,268,27,43.9,120,2019-05-22,63
704,705,268,33,2.5,16,2019-05-22,63
705,706,268,60,34.0,84,2019-05-22,63
706,707,269,18,62.5,25,2019-12-19,37
707,708,269,41,9.65,80,2019-12-19,37
708,709,269,42,14.0,20,2019-12-19,37
709,710,270,52,7.0,6,2019-10-20,53
710,711,270,59,55.0,4,2019-10-20,53
711,712,270,70,15.0,6,2019-10-20,53
712,713,271,24,4.5,5,2018-09-12,80
713,714,271,38,263.5,15,2018-09-12,80
714,715,271,44,19.45,9,2018-09-12,80
715,716,272,10,31.0,16,2020-03-03,14
716,717,272,56,38.0,40,2020-03-03,14
717,718,272,60,34.0,10,2020-03-03,14
718,719,273,24,4.5,8,2018-10-19,70
719,720,273,53,32.8,5,2018-10-19,70
720,721,274,35,18.0,3,2020-01-17,12
721,722,274,41,9.65,10,2020-01-17,12
722,723,274,68,12.5,6,2020-01-17,12
723,724,275,1,18.0,40,2018-08-08,44
724,725,275,8,40.0,24,2018-08-08,44
725,726,275,30,25.89,20,2018-08-08,44
726,727,275,40,18.4,25,2018-08-08,44
727,728,276,17,39.0,25,2019-09-06,72
728,729,276,20,81.0,15,2019-09-06,72
729,730,276,37,26.0,18,2019-09-06,72
730,731,276,41,9.65,6,2019-09-06,72
731,732,277,10,31.0,2,2019-09-07,5
732,733,277,30,25.89,10,2019-09-07,5
733,734,277,43,46.0,60,2019-09-07,5
734,735,277,54,7.45,15,2019-09-07,5
735,736,278,36,19.0,30,2019-07-02,9
736,737,278,40,18.4,15,2019-07-02,9
737,738,279,1,18.0,8,2020-02-28,87
738,739,279,13,6.0,10,2020-02-28,87
739,740,279,56,38.0,30,2020-02-28,87
740,741,280,4,22.0,50,2019-09-12,63
741,742,280,36,19.0,30,2019-09-12,63
742,743,281,11,21.0,3,2019-12-01,32
743,744,281,33,2.5,8,2019-12-01,32
744,745,281,72,34.8,9,2019-12-01,32
745,746,282,55,24.0,14,2018-07-16,50
746,747,282,68,12.5,20,2018-07-16,50
747,748,282,69,36.0,10,2018-07-16,50
748,749,283,17,39.0,40,2018-10-20,59
749,750,283,43,46.0,25,2018-10-20,59
750,751,283,61,28.5,20,2018-10-20,59
751,752,283,76,18.0,50,2018-10-20,59
752,753,284,59,55.0,2,2019-11-23,54
753,754,285,30,25.89,15,2019-08-07,19
754,755,285,66,17.0,24,2019-08-07,19
755,756,286,4,22.0,50,2019-05-31,24
756,757,286,72,34.8,24,2019-05-31,24
757,758,286,73,15.0,24,2019-05-31,24
758,759,287,30,25.89,10,2020-09-01,44
759,760,287,40,18.4,10,2020-09-01,44
760,761,287,54,7.45,10,2020-09-01,44
761,762,288,11,21.0,50,2020-04-01,3
762,763,288,40,18.4,10,2020-04-01,3
763,764,288,57,19.5,5,2020-04-01,3
764,765,288,59,55.0,15,2020-04-01,3
765,766,289,12,38.0,15,2019-10-23,44
766,767,289,31,12.5,20,2019-10-23,44
767,768,289,33,2.5,30,2019-10-23,44
768,769,289,60,34.0,35,2019-10-23,44
769,770,290,31,12.5,30,2018-03-11,68
770,771,290,51,53.0,6,2018-03-11,68
771,772,290,58,13.25,20,2018-03-11,68
772,773,290,72,34.8,21,2018-03-11,68
773,774,290,73,15.0,9,2018-03-11,68
774,775,291,70,15.0,7,2019-08-25,11
775,776,291,72,34.8,1,2019-08-25,11
776,777,292,13,6.0,8,2019-11-11,11
777,778,292,21,10.0,15,2019-11-11,11
778,779,292,33,2.5,15,2019-11-11,11
779,780,292,49,20.0,6,2019-11-11,11
780,781,293,3,10.0,60,2018-06-30,63
781,782,293,26,31.23,40,2018-06-30,63
782,783,293,38,263.5,30,2018-06-30,63
783,784,293,68,12.5,35,2018-06-30,63
784,785,294,24,4.5,35,2019-06-18,34
785,786,294,38,263.5,4,2019-06-18,34
786,787,294,65,21.05,36,2019-06-18,34
787,788,294,71,21.5,9,2019-06-18,34
788,789,295,11,21.0,15,2019-12-17,39
789,790,295,54,7.45,24,2019-12-17,39
790,791,296,12,38.0,30,2019-07-23,46
791,792,296,23,9.0,70,2019-07-23,46
792,793,297,28,45.6,7,2019-05-31,48
793,794,297,67,14.0,7,2019-05-31,48
794,795,298,11,21.0,10,2019-11-24,43
795,796,299,7,30.0,10,2019-05-23,84
796,797,299,35,18.0,30,2019-05-23,84
797,798,299,62,49.3,40,2019-05-23,84
798,799,300,32,32.0,24,2018-09-10,72
799,800,300,36,19.0,60,2018-09-10,72
800,801,301,34,14.0,10,2018-11-19,79
801,802,301,41,9.65,14,2018-11-19,79
802,803,302,31,12.5,55,2019-09-08,63
803,804,302,45,9.5,100,2019-09-08,63
804,805,302,51,53.0,48,2019-09-08,63
805,806,303,17,39.0,8,2019-07-07,30
806,807,303,19,9.2,10,2019-07-07,30
807,808,303,21,10.0,6,2019-07-07,30
808,809,303,61,28.5,10,2019-07-07,30
809,810,304,16,17.45,40,2018-07-31,28
810,811,304,35,18.0,20,2018-07-31,28
811,812,304,44,19.45,40,2018-07-31,28
812,813,305,69,36.0,18,2019-03-29,35
813,814,305,75,7.75,30,2019-03-29,35
814,815,306,11,21.0,15,2018-06-08,87
815,816,306,16,17.45,14,2018-06-08,87
816,817,306,22,21.0,24,2018-06-08,87
817,818,306,31,12.5,30,2018-06-08,87
818,819,306,35,18.0,6,2018-06-08,87
819,820,307,16,17.45,30,2020-02-22,56
820,821,307,23,9.0,20,2020-02-22,56
821,822,307,62,49.3,20,2020-02-22,56
822,823,307,77,13.0,10,2020-02-22,56
823,824,308,14,23.25,30,2019-09-09,71
824,825,308,19,9.2,35,2019-09-09,71
825,826,308,24,4.5,18,2019-09-09,71
826,827,308,51,53.0,20,2019-09-09,71
827,828,308,56,38.0,40,2019-09-09,71
828,829,309,72,34.8,24,2019-11-07,73
829,830,310,64,33.25,30,2020-01-23,44
830,831,310,75,7.75,20,2020-01-23,44
831,832,311,47,9.5,25,2019-11-16,4
832,833,311,51,53.0,20,2019-11-16,4
833,834,311,52,7.0,30,2019-11-16,4
834,835,311,53,32.8,18,2019-11-16,4
835,836,311,73,15.0,3,2019-11-16,4
836,837,312,41,9.65,12,2019-07-01,7
837,838,312,55,24.0,18,2019-07-01,7
838,839,313,30,25.89,20,2018-08-26,25
839,840,313,62,49.3,15,2018-08-26,25
840,841,314,44,19.45,10,2019-05-28,24
841,842,314,51,53.0,50,2019-05-28,24
842,843,315,33,2.5,20,2019-03-17,66
843,844,315,62,49.3,10,2019-03-17,66
844,845,316,36,19.0,25,2019-02-05,67
845,846,316,52,7.0,70,2019-02-05,67
846,847,317,17,39.0,16,2018-11-11,65
847,848,317,31,12.5,6,2018-11-11,65
848,849,317,55,24.0,25,2018-11-11,65
849,850,318,24,4.5,25,2019-04-07,51
850,851,318,64,33.25,18,2019-04-07,51
851,852,319,11,21.0,35,2019-01-29,7
852,853,319,18,62.5,18,2019-01-29,7
853,854,319,76,18.0,10,2019-01-29,7
854,855,320,31,12.5,60,2020-01-26,37
855,856,320,51,53.0,3,2020-01-26,37
856,857,320,59,55.0,40,2020-01-26,37
857,858,321,10,31.0,5,2019-07-28,29
858,859,322,31,12.5,35,2019-02-23,65
859,860,322,76,18.0,30,2019-02-23,65
860,861,323,11,21.0,15,2018-07-16,51
861,862,323,56,38.0,60,2018-07-16,51
862,863,324,14,23.25,11,2020-02-18,20
863,864,324,42,14.0,28,2020-02-18,20
864,865,325,16,17.45,12,2019-10-23,5
865,866,325,32,32.0,10,2019-10-23,5
866,867,325,40,18.4,50,2019-10-23,5
867,868,325,75,7.75,15,2019-10-23,5
868,869,326,17,39.0,18,2020-02-26,3
869,870,326,34,14.0,40,2020-02-26,3
870,871,326,53,32.8,25,2020-02-26,3
871,872,327,33,2.5,14,2019-06-28,82
872,873,327,40,18.4,2,2019-06-28,82
873,874,327,62,49.3,10,2019-06-28,82
874,875,327,64,33.25,6,2019-06-28,82
875,876,328,59,55.0,12,2020-03-03,52
876,877,328,63,43.9,6,2020-03-03,52
877,878,328,72,34.8,30,2020-03-03,52
878,879,328,76,18.0,10,2020-03-03,52
879,880,329,1,18.0,10,2018-05-11,80
880,881,329,31,12.5,20,2018-05-11,80
881,882,329,44,19.45,21,2018-05-11,80
882,883,330,39,18.0,10,2018-06-08,82
883,884,330,75,7.75,20,2018-06-08,82
884,885,330,77,13.0,18,2018-06-08,82
885,886,331,35,18.0,20,2019-08-23,11
886,887,331,57,19.5,6,2019-08-23,11
887,888,332,15,15.5,10,2018-11-14,45
888,889,332,75,7.75,21,2018-11-14,45
889,890,333,14,23.25,15,2018-08-14,56
890,891,333,41,9.65,9,2018-08-14,56
891,892,333,65,21.05,30,2018-08-14,56
892,893,334,75,7.75,50,2019-05-09,21
893,894,335,57,19.5,4,2018-12-26,6
894,895,335,76,18.0,14,2018-12-26,6
895,896,336,29,123.79,10,2019-02-02,87
896,897,336,60,34.0,24,2019-02-02,87
897,898,336,69,36.0,10,2019-02-02,87
898,899,337,31,12.5,50,2019-12-31,7
899,900,338,47,9.5,15,2019-08-03,88
900,901,339,52,7.0,4,2019-07-02,66
901,902,340,26,31.23,6,2019-06-23,61
902,903,340,35,18.0,20,2019-06-23,61
903,904,340,77,13.0,20,2019-06-23,61
904,905,341,18,62.5,40,2019-11-21,63
905,906,341,42,14.0,100,2019-11-21,63
906,907,342,35,18.0,4,2019-02-28,32
907,908,343,1,18.0,20,2019-01-05,51
908,909,343,77,13.0,60,2019-01-05,51
909,910,344,3,10.0,14,2018-12-28,83
910,911,344,7,30.0,10,2018-12-28,83
911,912,344,54,7.45,50,2018-12-28,83
912,913,345,15,15.5,25,2020-02-29,44
913,914,345,26,31.23,5,2020-02-29,44
914,915,346,20,81.0,21,2018-09-08,44
915,916,346,69,36.0,20,2018-09-08,44
916,917,346,76,18.0,4,2018-09-08,44
917,918,347,52,7.0,24,2019-06-02,55
918,919,347,58,13.25,30,2019-06-02,55
919,920,348,35,18.0,30,2019-08-07,20
920,921,348,61,28.5,120,2019-08-07,20
921,922,348,69,36.0,65,2019-08-07,20
922,923,349,56,38.0,5,2020-07-02,89
923,924,349,63,43.9,24,2020-07-02,89
924,925,349,75,7.75,30,2020-07-02,89
925,926,350,24,4.5,35,2020-08-02,59
926,927,350,57,19.5,20,2020-08-02,59
927,928,350,65,21.05,12,2020-08-02,59
928,929,351,27,43.9,50,2020-01-14,65
929,930,351,71,21.5,9,2020-01-14,65
930,931,352,62,49.3,10,2019-10-09,11
931,932,353,54,7.45,4,2019-09-11,36
932,933,353,73,15.0,30,2019-09-11,36
933,934,354,13,6.0,60,2020-01-13,35
934,935,354,59,55.0,35,2020-01-13,35
935,936,355,77,13.0,5,2018-09-28,83
936,937,356,22,21.0,48,2020-02-03,71
937,938,356,49,20.0,25,2020-02-03,71
938,939,357,48,12.75,6,2019-05-19,28
939,940,357,76,18.0,10,2019-05-19,28
940,941,358,16,17.45,30,2019-06-08,51
941,942,358,59,55.0,20,2019-06-08,51
942,943,358,60,34.0,70,2019-06-08,51
943,944,358,71,21.5,15,2019-06-08,51
944,945,359,4,22.0,20,2019-08-28,81
945,946,359,55,24.0,20,2019-08-28,81
946,947,359,62,49.3,10,2019-08-28,81
947,948,360,7,30.0,45,2019-04-25,71
948,949,360,17,39.0,100,2019-04-25,71
949,950,360,33,2.5,14,2019-04-25,71
950,951,360,40,18.4,42,2019-04-25,71
951,952,360,72,34.8,12,2019-04-25,71
952,953,361,56,38.0,28,2019-12-02,79
953,954,362,1,18.0,3,2019-02-22,18
954,955,362,10,31.0,10,2019-02-22,18
955,956,362,21,10.0,6,2019-02-22,18
956,957,363,36,19.0,21,2019-11-20,41
957,958,364,1,18.0,6,2020-02-18,91
958,959,364,2,19.0,10,2020-02-18,91
959,960,364,60,34.0,15,2020-02-18,91
960,961,365,10,31.0,70,2019-02-20,71
961,962,365,36,19.0,55,2019-02-20,71
962,963,365,49,20.0,18,2019-02-20,71
963,964,365,60,34.0,40,2019-02-20,71
964,965,365,76,18.0,80,2019-02-20,71
965,966,366,13,6.0,8,2018-01-07,35
966,967,366,75,7.75,40,2018-01-07,35
967,968,367,11,21.0,14,2019-12-14,6
968,969,367,21,10.0,8,2019-12-14,6
969,970,367,39,18.0,5,2019-12-14,6
970,971,368,55,24.0,5,2019-11-01,90
971,972,369,38,263.5,15,2020-03-03,32
972,973,369,56,38.0,14,2020-03-03,32
973,974,369,70,15.0,15,2020-03-03,32
974,975,369,71,21.5,15,2020-03-03,32
975,976,370,59,55.0,30,2018-07-14,32
976,977,371,6,25.0,70,2018-09-21,51
977,978,371,56,38.0,20,2018-09-21,51
978,979,371,68,12.5,15,2018-09-21,51
979,980,372,21,10.0,42,2019-11-07,51
980,981,372,22,21.0,40,2019-11-07,51
981,982,373,24,4.5,5,2019-04-08,42
982,983,373,52,7.0,5,2019-04-08,42
983,984,374,19,9.2,5,2019-03-16,38
984,985,374,23,9.0,10,2019-03-16,38
985,986,374,70,15.0,20,2019-03-16,38
986,987,374,71,21.5,15,2019-03-16,38
987,988,375,2,19.0,20,2018-05-10,67
988,989,375,68,12.5,18,2018-05-10,67
989,990,376,14,23.25,21,2019-05-19,25
990,991,376,19,9.2,15,2019-05-19,25
991,992,376,21,10.0,25,2019-05-19,25
992,993,376,24,4.5,3,2019-05-19,25
993,994,376,35,18.0,30,2019-05-19,25
994,995,377,28,45.6,10,2018-05-10,78
995,996,377,29,123.79,6,2018-05-10,78
996,997,377,44,19.45,10,2018-05-10,78
997,998,378,14,23.25,3,2018-09-11,2
998,999,378,42,14.0,5,2018-09-11,2
999,1000,378,60,34.0,10,2018-09-11,2
1000,1001,379,53,32.8,12,2019-07-07,5
1001,1002,379,60,34.0,20,2019-07-07,5
1002,1003,379,71,21.5,20,2019-07-07,5
1003,1004,380,62,49.3,15,2019-02-19,71
1004,1005,380,73,15.0,35,2019-02-19,71
1005,1006,381,1,18.0,25,2018-08-25,7
1006,1007,382,29,123.79,20,2019-12-01,30
1007,1008,382,64,33.25,9,2019-12-01,30
1008,1009,383,55,24.0,12,2019-11-01,39
1009,1010,383,76,18.0,35,2019-11-01,39
1010,1011,384,75,7.75,8,2019-07-24,41
1011,1012,385,2,19.0,30,2018-06-11,86
1012,1013,385,33,2.5,20,2018-06-11,86
1013,1014,386,12,38.0,36,2018-05-10,20
1014,1015,386,13,6.0,13,2018-05-10,20
1015,1016,386,26,31.23,35,2018-05-10,20
1016,1017,386,62,49.3,80,2018-05-10,20
1017,1018,387,7,30.0,35,2018-09-10,23
1018,1019,387,18,62.5,50,2018-09-10,23
1019,1020,387,51,53.0,15,2018-09-10,23
1020,1021,387,75,7.75,2,2018-09-10,23
1021,1022,388,4,22.0,10,2019-01-29,49
1022,1023,388,5,21.35,15,2019-01-29,49
1023,1024,388,22,21.0,40,2019-01-29,49
1024,1025,389,4,22.0,25,2018-11-27,87
1025,1026,389,58,13.25,6,2018-11-27,87
1026,1027,390,11,21.0,10,2018-10-20,62
1027,1028,390,50,16.25,25,2018-10-20,62
1028,1029,390,56,38.0,60,2018-10-20,62
1029,1030,391,45,9.5,20,2018-10-17,47
1030,1031,391,65,21.05,21,2018-10-17,47
1031,1032,391,72,34.8,60,2018-10-17,47
1032,1033,392,18,62.5,8,2019-01-28,70
1033,1034,393,69,36.0,20,2018-10-27,86
1034,1035,393,70,15.0,15,2018-10-27,86
1035,1036,394,2,19.0,50,2020-01-28,35
1036,1037,394,40,18.4,60,2020-01-28,35
1037,1038,395,21,10.0,30,2018-05-09,73
1038,1039,395,61,28.5,20,2018-05-09,73
1039,1040,396,28,45.6,15,2019-09-25,1
1040,1041,396,39,18.0,21,2019-09-25,1
1041,1042,396,46,12.0,2,2019-09-25,1
1042,1043,397,18,62.5,4,2019-01-28,88
1043,1044,397,43,46.0,20,2019-01-28,88
1044,1045,397,46,12.0,21,2019-01-28,88
1045,1046,398,18,62.5,20,2019-05-17,34
1046,1047,398,36,19.0,15,2019-05-17,34
1047,1048,399,1,18.0,15,2019-06-21,37
1048,1049,399,10,31.0,18,2019-06-21,37
1049,1050,399,71,21.5,30,2019-06-21,37
1050,1051,399,77,13.0,35,2019-06-21,37
1051,1052,400,19,9.2,30,2019-01-20,61
1052,1053,400,39,18.0,20,2019-01-20,61
1053,1054,401,22,21.0,15,2020-01-18,67
1054,1055,401,24,4.5,15,2020-01-18,67
1055,1056,402,28,45.6,20,2019-07-13,50
1056,1057,402,72,34.8,15,2019-07-13,50
1057,1058,403,30,25.89,30,2019-09-01,21
1058,1059,403,53,32.8,25,2019-09-01,21
1059,1060,403,54,7.45,30,2019-09-01,21
1060,1061,404,19,9.2,12,2019-09-18,86
1061,1062,404,22,21.0,20,2019-09-18,86
1062,1063,405,30,25.89,2,2019-08-20,31
1063,1064,405,42,14.0,20,2019-08-20,31
1064,1065,406,16,17.45,30,2018-08-11,25
1065,1066,406,60,34.0,20,2018-08-11,25
1066,1067,407,4,22.0,12,2018-07-27,5
1067,1068,407,39,18.0,20,2018-07-27,5
1068,1069,407,54,7.45,6,2018-07-27,5
1069,1070,408,41,9.65,20,2019-06-20,66
1070,1071,409,14,23.25,3,2019-10-10,32
1071,1072,409,44,19.45,28,2019-10-10,32
1072,1073,409,47,9.5,6,2019-10-10,32
1073,1074,410,15,15.5,50,2018-10-08,71
1074,1075,410,41,9.65,24,2018-10-08,71
1075,1076,410,46,12.0,45,2018-10-08,71
1076,1077,410,47,9.5,10,2018-10-08,71
1077,1078,410,56,38.0,45,2018-10-08,71
1078,1079,410,60,34.0,30,2018-10-08,71
1079,1080,411,21,10.0,60,2018-04-08,63
1080,1081,411,40,18.4,70,2018-04-08,63
1081,1082,411,60,34.0,55,2018-04-08,63
1082,1083,411,77,13.0,70,2018-04-08,63
1083,1084,412,31,12.5,20,2018-08-23,62
1084,1085,412,40,18.4,24,2018-08-23,62
1085,1086,412,70,15.0,40,2018-08-23,62
1086,1087,413,20,81.0,21,2018-12-14,36
1087,1088,414,39,18.0,3,2018-08-28,37
1088,1089,414,58,13.25,49,2018-08-28,37
1089,1090,415,68,12.5,10,2019-08-14,48
1090,1091,416,40,18.4,30,2018-07-30,9
1091,1092,416,42,14.0,30,2018-07-30,9
1092,1093,416,51,53.0,20,2018-07-30,9
1093,1094,417,10,31.0,24,2018-11-27,28
1094,1095,417,56,38.0,12,2018-11-27,28
1095,1096,417,65,21.05,15,2018-11-27,28
1096,1097,418,51,53.0,20,2018-08-18,48
1097,1098,418,59,55.0,1,2018-08-18,48
1098,1099,418,76,18.0,10,2018-08-18,48
1099,1100,419,29,123.79,36,2019-08-13,68
1100,1101,419,65,21.05,10,2019-08-13,68
1101,1102,420,69,36.0,45,2018-08-21,20
1102,1103,420,71,21.5,14,2018-08-21,20
1103,1104,421,31,12.5,8,2019-03-24,86
1104,1105,421,55,24.0,4,2019-03-24,86
1105,1106,421,64,33.25,15,2019-03-24,86
1106,1107,422,36,19.0,30,2020-01-18,73
1107,1108,423,23,9.0,32,2019-03-01,25
1108,1109,423,46,12.0,60,2019-03-01,25
1109,1110,423,67,14.0,25,2019-03-01,25
1110,1111,423,73,15.0,50,2019-03-01,25
1111,1112,423,75,7.75,25,2019-03-01,25
1112,1113,424,16,17.45,10,2019-10-10,26
1113,1114,424,62,49.3,10,2019-10-10,26
1114,1115,424,65,21.05,12,2019-10-10,26
1115,1116,425,38,263.5,15,2019-12-25,5
1116,1117,425,71,21.5,12,2019-12-25,5
1117,1118,426,16,17.45,3,2018-09-22,90
1118,1119,426,42,14.0,6,2018-09-22,90
1119,1120,426,43,46.0,6,2018-09-22,90
1120,1121,427,23,9.0,5,2018-07-25,38
1121,1122,428,14,23.25,30,2019-01-11,25
1122,1123,428,53,32.8,10,2019-01-11,25
1123,1124,428,58,13.25,30,2019-01-11,25
1124,1125,429,10,31.0,2,2019-06-12,80
1125,1126,429,19,9.2,7,2019-06-12,80
1126,1127,429,44,19.45,21,2019-06-12,80
1127,1128,430,26,31.23,30,2019-12-22,3
1128,1129,430,33,2.5,8,2019-12-22,3
1129,1130,431,12,38.0,100,2019-11-24,71
1130,1131,431,33,2.5,30,2019-11-24,71
1131,1132,431,41,9.65,120,2019-11-24,71
1132,1133,431,54,7.45,30,2019-11-24,71
1133,1134,432,59,55.0,12,2019-05-24,7
1134,1135,433,16,17.45,50,2018-10-13,55
1135,1136,433,31,12.5,20,2018-10-13,55
1136,1137,433,42,14.0,40,2018-10-13,55
1137,1138,434,19,9.2,30,2018-07-12,32
1138,1139,434,21,10.0,12,2018-07-12,32
1139,1140,434,64,33.25,28,2018-07-12,32
1140,1141,435,33,2.5,30,2019-10-27,3
1141,1142,435,66,17.0,4,2019-10-27,3
1142,1143,435,75,7.75,30,2019-10-27,3
1143,1144,436,52,7.0,9,2018-05-10,18
1144,1145,437,40,18.4,20,2019-03-22,56
1145,1146,437,47,9.5,40,2019-03-22,56
1146,1147,437,60,34.0,30,2019-03-22,56
1147,1148,438,10,31.0,20,2019-08-22,31
1148,1149,438,41,9.65,4,2019-08-22,31
1149,1150,438,47,9.5,15,2019-08-22,31
1150,1151,439,17,39.0,30,2018-05-09,59
1151,1152,439,26,31.23,15,2018-05-09,59
1152,1153,440,9,97.0,50,2019-07-05,37
1153,1154,440,29,123.79,10,2019-07-05,37
1154,1155,440,36,19.0,6,2019-07-05,37
1155,1156,441,10,31.0,18,2018-05-11,83
1156,1157,441,28,45.6,60,2018-05-11,83
1157,1158,441,34,14.0,14,2018-05-11,83
1158,1159,442,1,18.0,35,2019-05-17,5
1159,1160,443,56,38.0,20,2020-02-29,34
1160,1161,443,77,13.0,30,2020-02-29,34
1161,1162,444,1,18.0,30,2019-02-20,63
1162,1163,444,29,123.79,40,2019-02-20,63
1163,1164,444,43,46.0,40,2019-02-20,63
1164,1165,444,44,19.45,24,2019-02-20,63
1165,1166,444,62,49.3,48,2019-02-20,63
1166,1167,445,63,43.9,20,2020-02-02,1
1167,1168,446,9,97.0,6,2019-06-26,89
1168,1169,446,54,7.45,60,2019-06-26,89
1169,1170,446,69,36.0,30,2019-06-26,89
1170,1171,446,73,15.0,15,2019-06-26,89
1171,1172,447,7,30.0,90,2018-08-30,63
1172,1173,447,59,55.0,25,2018-08-30,63
1173,1174,447,70,15.0,50,2018-08-30,63
1174,1175,448,8,40.0,10,2019-09-27,90
1175,1176,448,12,38.0,4,2019-09-27,90
1176,1177,448,24,4.5,20,2019-09-27,90
1177,1178,449,17,39.0,20,2019-02-27,89
1178,1179,449,46,12.0,18,2019-02-27,89
1179,1180,450,19,9.2,7,2019-08-10,47
1180,1181,450,35,18.0,9,2019-08-10,47
1181,1182,450,58,13.25,30,2019-08-10,47
1182,1183,450,70,15.0,30,2019-08-10,47
1183,1184,451,11,21.0,15,2019-06-07,20
1184,1185,451,17,39.0,8,2019-06-07,20
1185,1186,451,29,123.79,12,2019-06-07,20
1186,1187,451,65,21.05,65,2019-06-07,20
1187,1188,451,70,15.0,8,2019-06-07,20
1188,1189,452,47,9.5,12,2019-02-10,52
1189,1190,453,1,18.0,5,2020-01-19,71
1190,1191,453,34,14.0,12,2020-01-19,71
1191,1192,453,68,12.5,40,2020-01-19,71
1192,1193,453,71,21.5,60,2020-01-19,71
1193,1194,454,59,55.0,42,2019-02-19,37
1194,1195,454,71,21.5,20,2019-02-19,37
1195,1196,454,76,18.0,35,2019-02-19,37
1196,1197,455,3,10.0,6,2018-09-19,1
1197,1198,455,76,18.0,15,2018-09-19,1
1198,1199,456,2,19.0,5,2019-05-17,24
1199,1200,456,59,55.0,35,2019-05-17,24
1200,1201,456,73,15.0,35,2019-05-17,24
1201,1202,457,4,22.0,6,2018-10-11,62
1202,1203,457,24,4.5,35,2018-10-11,62
1203,1204,457,48,12.75,24,2018-10-11,62
1204,1205,458,31,12.5,20,2019-05-16,35
1205,1206,458,32,32.0,4,2019-05-16,35
1206,1207,459,16,17.45,20,2020-06-02,55
1207,1208,459,43,46.0,24,2020-06-02,55
1208,1209,459,59,55.0,8,2020-06-02,55
1209,1210,460,55,24.0,21,2018-03-11,4
1210,1211,460,57,19.5,40,2018-03-11,4
1211,1212,460,70,15.0,28,2018-03-11,4
1212,1213,461,5,21.35,4,2018-10-10,77
1213,1214,461,36,19.0,5,2018-10-10,77
1214,1215,462,8,40.0,40,2018-12-11,31
1215,1216,462,51,53.0,28,2018-12-11,31
1216,1217,462,60,34.0,10,2018-12-11,31
1217,1218,463,19,9.2,5,2019-04-07,27
1218,1219,463,47,9.5,5,2019-04-07,27
1219,1220,464,19,9.2,12,2019-01-28,71
1220,1221,464,41,9.65,42,2019-01-28,71
1221,1222,464,53,32.8,120,2019-01-28,71
1222,1223,465,53,32.8,3,2020-01-22,37
1223,1224,465,56,38.0,30,2020-01-22,37
1224,1225,466,10,31.0,18,2019-08-07,71
1225,1226,466,26,31.23,30,2019-08-07,71
1226,1227,466,45,9.5,110,2019-08-07,71
1227,1228,466,46,12.0,24,2019-08-07,71
1228,1229,467,2,19.0,30,2018-01-12,71
1229,1230,467,17,39.0,27,2018-01-12,71
1230,1231,467,47,9.5,50,2018-01-12,71
1231,1232,467,56,38.0,18,2018-01-12,71
1232,1233,467,58,13.25,12,2018-01-12,71
1233,1234,468,10,31.0,21,2019-03-26,9
1234,1235,468,71,21.5,30,2019-03-26,9
1235,1236,469,21,10.0,5,2019-03-23,64
1236,1237,469,51,53.0,7,2019-03-23,64
1237,1238,469,61,28.5,10,2019-03-23,64
1238,1239,470,21,10.0,32,2019-09-12,25
1239,1240,470,54,7.45,15,2019-09-12,25
1240,1241,470,69,36.0,25,2019-09-12,25
1241,1242,471,12,38.0,36,2020-02-29,39
1242,1243,471,16,17.45,20,2020-02-29,39
1243,1244,471,36,19.0,40,2020-02-29,39
1244,1245,471,62,49.3,20,2020-02-29,39
1245,1246,472,18,62.5,12,2019-02-16,45
1246,1247,472,30,25.89,3,2019-02-16,45
1247,1248,472,54,7.45,40,2019-02-16,45
1248,1249,473,35,18.0,21,2020-01-14,61
1249,1250,473,71,21.5,8,2020-01-14,61
1250,1251,474,44,19.45,50,2019-01-04,63
1251,1252,475,2,19.0,3,2019-04-29,71
1252,1253,475,31,12.5,50,2019-04-29,71
1253,1254,475,68,12.5,45,2019-04-29,71
1254,1255,475,75,7.75,42,2019-04-29,71
1255,1256,476,26,31.23,15,2018-12-09,89
1256,1257,477,10,31.0,16,2018-09-20,51
1257,1258,477,61,28.5,5,2018-09-20,51
1258,1259,478,41,9.65,12,2019-03-01,21
1259,1260,478,52,7.0,4,2019-03-01,21
1260,1261,478,55,24.0,6,2019-03-01,21
1261,1262,479,4,22.0,25,2018-09-13,19
1262,1263,479,11,21.0,5,2018-09-13,19
1263,1264,480,17,39.0,20,2019-06-09,66
1264,1265,480,56,38.0,10,2019-06-09,66
1265,1266,480,59,55.0,10,2019-06-09,66
1266,1267,481,30,25.89,15,2018-09-30,62
1267,1268,481,40,18.4,6,2018-09-30,62
1268,1269,481,55,24.0,12,2018-09-30,62
1269,1270,481,60,34.0,15,2018-09-30,62
1270,1271,482,1,18.0,50,2019-07-29,47
1271,1272,482,21,10.0,30,2019-07-29,47
1272,1273,482,50,16.25,40,2019-07-29,47
1273,1274,483,16,17.45,15,2019-07-10,9
1274,1275,483,31,12.5,3,2019-07-10,9
1275,1276,483,65,21.05,10,2019-07-10,9
1276,1277,484,21,10.0,40,2019-08-12,14
1277,1278,484,51,53.0,30,2019-08-12,14
1278,1279,485,76,18.0,20,2018-08-07,9
1279,1280,486,14,23.25,16,2019-05-05,5
1280,1281,486,28,45.6,20,2019-05-05,5
1281,1282,486,52,7.0,25,2019-05-05,5
1282,1283,487,6,25.0,30,2019-04-19,31
1283,1284,487,30,25.89,15,2019-04-19,31
1284,1285,487,76,18.0,20,2019-04-19,31
1285,1286,488,61,28.5,20,2019-12-20,45
1286,1287,488,77,13.0,2,2019-12-20,45
1287,1288,489,65,21.05,40,2020-02-02,37
1288,1289,489,75,7.75,20,2020-02-02,37
1289,1290,490,13,6.0,4,2018-04-09,85
1290,1291,490,41,9.65,12,2018-04-09,85
1291,1292,491,16,17.45,3,2019-05-09,74
1292,1293,492,36,19.0,6,2018-10-25,85
1293,1294,492,52,7.0,18,2018-10-25,85
1294,1295,493,28,45.6,5,2019-04-12,89
1295,1296,493,35,18.0,35,2019-04-12,89
1296,1297,493,45,9.5,40,2019-04-12,89
1297,1298,493,56,38.0,14,2019-04-12,89
1298,1299,494,2,19.0,15,2019-08-17,4
1299,1300,495,3,10.0,20,2019-12-11,10
1300,1301,495,60,34.0,50,2019-12-11,10
1301,1302,495,72,34.8,35,2019-12-11,10
1302,1303,496,46,12.0,28,2018-07-31,4
1303,1304,497,40,18.4,50,2019-11-18,83
1304,1305,498,18,62.5,24,2020-09-02,63
1305,1306,498,44,19.45,16,2020-09-02,63
1306,1307,498,59,55.0,45,2020-09-02,63
1307,1308,498,72,34.8,7,2020-09-02,63
1308,1309,499,13,6.0,6,2019-01-16,14
1309,1310,499,42,14.0,28,2019-01-16,14
1310,1311,499,62,49.3,9,2019-01-16,14
1311,1312,499,69,36.0,40,2019-01-16,14
1312,1313,500,31,12.5,8,2019-08-10,59
1313,1314,500,41,9.65,35,2019-08-10,59
1314,1315,500,63,43.9,9,2019-08-10,59
1315,1316,500,69,36.0,30,2019-08-10,59
1316,1317,501,23,9.0,44,2019-05-11,71
1317,1318,501,40,18.4,40,2019-05-11,71
1318,1319,501,56,38.0,28,2019-05-11,71
1319,1320,502,56,38.0,15,2019-09-30,38
1320,1321,502,59,55.0,6,2019-09-30,38
1321,1322,502,76,18.0,10,2019-09-30,38
1322,1323,503,14,23.25,5,2019-07-01,87
1323,1324,503,45,9.5,40,2019-07-01,87
1324,1325,503,59,55.0,25,2019-07-01,87
1325,1326,504,26,31.23,12,2019-01-18,68
1326,1327,504,30,25.89,30,2019-01-18,68
1327,1328,504,50,16.25,20,2019-01-18,68
1328,1329,504,73,15.0,15,2019-01-18,68
1329,1330,505,1,18.0,8,2019-09-13,53
1330,1331,505,69,36.0,3,2019-09-13,53
1331,1332,506,45,9.5,4,2019-06-29,27
1332,1333,506,74,10.0,5,2019-06-29,27
1333,1334,507,40,18.4,3,2019-11-11,49
1334,1335,508,47,9.5,30,2018-12-24,9
1335,1336,508,56,38.0,30,2018-12-24,9
1336,1337,508,57,19.5,14,2018-12-24,9
1337,1338,508,69,36.0,25,2018-12-24,9
1338,1339,509,18,62.5,21,2018-02-07,75
1339,1340,509,36,19.0,20,2018-02-07,75
1340,1341,509,68,12.5,6,2018-02-07,75
1341,1342,509,69,36.0,20,2018-02-07,75
1342,1343,510,34,14.0,30,2018-04-10,71
1343,1344,510,59,55.0,7,2018-04-10,71
1344,1345,510,62,49.3,30,2018-04-10,71
1345,1346,510,64,33.25,24,2018-04-10,71
1346,1347,511,26,31.23,20,2019-10-19,68
1347,1348,511,52,7.0,60,2019-10-19,68
1348,1349,511,70,15.0,40,2019-10-19,68
1349,1350,512,32,32.0,10,2019-06-03,2
1350,1351,513,25,14.0,12,2019-06-09,50
1351,1352,513,27,43.9,40,2019-06-09,50
1352,1353,513,43,46.0,30,2019-06-09,50
1353,1354,514,25,14.0,35,2019-03-01,65
1354,1355,514,75,7.75,18,2019-03-01,65
1355,1356,515,39,18.0,16,2019-09-03,24
1356,1357,515,47,9.5,30,2019-09-03,24
1357,1358,515,51,53.0,28,2019-09-03,24
1358,1359,515,56,38.0,60,2019-09-03,24
1359,1360,516,21,10.0,40,2018-09-24,23
1360,1361,516,22,21.0,6,2018-09-24,23
1361,1362,516,24,4.5,20,2018-09-24,23
1362,1363,517,3,10.0,20,2019-04-19,20
1363,1364,517,39,18.0,130,2019-04-19,20
1364,1365,518,65,21.05,80,2020-10-02,63
1365,1366,519,2,19.0,40,2019-02-13,56
1366,1367,519,7,30.0,35,2019-02-13,56
1367,1368,519,68,12.5,40,2019-02-13,56
1368,1369,520,42,14.0,2,2020-02-21,76
1369,1370,521,22,21.0,4,2019-10-18,4
1370,1371,521,31,12.5,50,2019-10-18,4
1371,1372,521,60,34.0,15,2019-10-18,4
1372,1373,521,71,21.5,12,2019-10-18,4
1373,1374,522,41,9.65,30,2020-01-26,83
1374,1375,522,52,7.0,15,2020-01-26,83
1375,1376,522,61,28.5,20,2020-01-26,83
1376,1377,522,62,49.3,15,2020-01-26,83
1377,1378,523,11,21.0,15,2019-04-02,34
1378,1379,524,71,21.5,16,2020-02-23,20
1379,1380,525,29,123.79,18,2019-11-26,44
1380,1381,525,59,55.0,25,2019-11-26,44
1381,1382,526,17,39.0,33,2018-11-23,20
1382,1383,526,31,12.5,70,2018-11-23,20
1383,1384,526,75,7.75,7,2018-11-23,20
1384,1385,527,31,12.5,2,2019-08-23,24
1385,1386,527,66,17.0,50,2019-08-23,24
1386,1387,528,10,31.0,6,2019-03-09,78
1387,1388,528,67,14.0,3,2019-03-09,78
1388,1389,529,31,12.5,16,2019-05-04,20
1389,1390,529,42,14.0,12,2019-05-04,20
1390,1391,529,45,9.5,27,2019-05-04,20
1391,1392,529,51,53.0,120,2019-05-04,20
1392,1393,530,42,14.0,20,2018-10-14,31
1393,1394,531,41,9.65,10,2019-06-05,5
1394,1395,532,16,17.45,20,2018-03-07,52
1395,1396,532,62,49.3,20,2018-03-07,52
1396,1397,533,70,15.0,35,2019-05-13,46
1397,1398,533,77,13.0,15,2019-05-13,46
1398,1399,534,54,7.45,3,2019-12-06,87
1399,1400,534,56,38.0,20,2019-12-06,87
1400,1401,534,74,10.0,35,2019-12-06,87
1401,1402,535,31,12.5,1,2018-12-18,12
1402,1403,536,31,12.5,10,2019-01-09,34
1403,1404,536,38,263.5,5,2019-01-09,34
1404,1405,537,36,19.0,30,2019-03-08,49
1405,1406,537,39,18.0,2,2019-03-08,49
1406,1407,537,72,34.8,30,2019-03-08,49
1407,1408,538,10,31.0,10,2018-03-10,33
1408,1409,538,75,7.75,10,2018-03-10,33
1409,1410,539,8,40.0,30,2019-11-26,62
1410,1411,539,30,25.89,15,2019-11-26,62
1411,1412,539,75,7.75,42,2019-11-26,62
1412,1413,540,2,19.0,15,2019-10-09,41
1413,1414,540,29,123.79,20,2019-10-09,41
1414,1415,541,19,9.2,50,2018-01-08,63
1415,1416,541,75,7.75,40,2018-01-08,63
1416,1417,542,18,62.5,30,2018-09-17,23
1417,1418,542,35,18.0,15,2018-09-17,23
1418,1419,542,63,43.9,30,2018-09-17,23
1419,1420,542,68,12.5,18,2018-09-17,23
1420,1421,543,7,30.0,3,2019-04-29,31
1421,1422,543,56,38.0,20,2019-04-29,31
1422,1423,544,29,123.79,14,2018-08-16,25
1423,1424,544,41,9.65,20,2018-08-16,25
1424,1425,545,2,19.0,10,2020-08-01,91
1425,1426,545,54,7.45,3,2020-08-01,91
1426,1427,545,68,12.5,15,2020-08-01,91
1427,1428,546,41,9.65,14,2019-02-01,4
1428,1429,546,52,7.0,8,2019-02-01,4
1429,1430,547,14,23.25,15,2019-02-11,61
1430,1431,547,54,7.45,6,2019-02-11,61
1431,1432,548,16,17.45,65,2018-08-14,20
1432,1433,548,17,39.0,35,2018-08-14,20
1433,1434,549,26,31.23,21,2020-02-26,35
1434,1435,549,44,19.45,10,2020-02-26,35
1435,1436,549,64,33.25,35,2020-02-26,35
1436,1437,549,69,36.0,24,2020-02-26,35
1437,1438,550,11,21.0,20,2019-04-09,17
1438,1439,551,62,49.3,2,2019-07-06,38
1439,1440,551,72,34.8,10,2019-07-06,38
1440,1441,552,13,6.0,20,2019-08-19,39
1441,1442,552,24,4.5,20,2019-08-19,39
1442,1443,552,59,55.0,25,2019-08-19,39
1443,1444,553,11,21.0,50,2019-11-09,72
1444,1445,553,51,53.0,10,2019-11-09,72
1445,1446,553,54,7.45,7,2019-11-09,72
1446,1447,554,17,39.0,40,2019-05-27,8
1447,1448,554,29,123.79,20,2019-05-27,8
1448,1449,555,30,25.89,25,2019-06-06,73
1449,1450,555,51,53.0,30,2019-06-06,73
1450,1451,555,55,24.0,60,2019-06-06,73
1451,1452,555,62,49.3,5,2019-06-06,73
1452,1453,556,19,9.2,24,2018-06-10,88
1453,1454,556,25,14.0,15,2018-06-10,88
1454,1455,556,59,55.0,15,2018-06-10,88
1455,1456,557,10,31.0,36,2018-09-22,72
1456,1457,557,28,45.6,24,2018-09-22,72
1457,1458,557,49,20.0,4,2018-09-22,72
1458,1459,558,34,14.0,10,2018-03-11,77
1459,1460,558,38,263.5,10,2018-03-11,77
1460,1461,559,2,19.0,20,2019-07-14,84
1461,1462,559,65,21.05,2,2019-07-14,84
1462,1463,559,74,10.0,15,2019-07-14,84
1463,1464,560,40,18.4,1,2019-04-16,27
1464,1465,561,56,38.0,20,2019-11-05,55
1465,1466,561,76,18.0,50,2019-11-05,55
1466,1467,562,52,7.0,20,2018-09-26,88
1467,1468,563,13,6.0,7,2018-10-21,42
1468,1469,563,25,14.0,5,2018-10-21,42
1469,1470,563,70,15.0,5,2018-10-21,42
1470,1471,564,19,9.2,15,2019-04-28,47
1471,1472,564,23,9.0,18,2019-04-28,47
1472,1473,564,40,18.4,30,2019-04-28,47
1473,1474,565,31,12.5,16,2020-09-01,66
1474,1475,565,72,34.8,40,2020-09-01,66
1475,1476,565,77,13.0,20,2020-09-01,66
1476,1477,566,2,19.0,12,2018-08-08,67
1477,1478,566,46,12.0,35,2018-08-08,67
1478,1479,567,41,9.65,20,2019-05-07,84
1479,1480,567,43,46.0,20,2019-05-07,84
1480,1481,567,48,12.75,8,2019-05-07,84
1481,1482,567,61,28.5,30,2019-05-07,84
1482,1483,568,33,2.5,16,2019-11-14,71
1483,1484,569,38,263.5,30,2018-12-17,32
1484,1485,569,62,49.3,20,2018-12-17,32
1485,1486,570,26,31.23,40,2020-01-30,39
1486,1487,570,38,263.5,30,2020-01-30,39
1487,1488,570,40,18.4,60,2020-01-30,39
1488,1489,570,62,49.3,25,2020-01-30,39
1489,1490,571,32,32.0,20,2019-12-18,49
1490,1491,571,41,9.65,20,2019-12-18,49
1491,1492,572,43,46.0,7,2019-05-28,12
1492,1493,572,75,7.75,20,2019-05-28,12
1493,1494,573,56,38.0,30,2018-08-24,65
1494,1495,574,35,18.0,20,2019-11-20,75
1495,1496,574,51,53.0,6,2019-11-20,75
1496,1497,575,62,49.3,3,2019-12-14,82
1497,1498,575,70,15.0,6,2019-12-14,82
1498,1499,576,11,21.0,20,2019-03-12,46
1499,1500,576,57,19.5,15,2019-03-12,46
1500,1501,576,59,55.0,40,2019-03-12,46
1501,1502,576,77,13.0,15,2019-03-12,46
1502,1503,577,41,9.65,12,2019-07-29,24
1503,1504,577,70,15.0,9,2019-07-29,24
1504,1505,578,26,31.23,12,2019-08-13,17
1505,1506,578,53,32.8,20,2019-08-13,17
1506,1507,579,31,12.5,35,2019-05-03,7
1507,1508,579,57,19.5,15,2019-05-03,7
1508,1509,580,10,31.0,15,2018-07-14,9
1509,1510,580,39,18.0,21,2018-07-14,9
1510,1511,581,20,81.0,5,2020-08-01,64
1511,1512,581,38,263.5,2,2020-08-01,64
1512,1513,582,2,19.0,10,2019-12-04,38
1513,1514,582,8,40.0,20,2019-12-04,38
1514,1515,582,13,6.0,10,2019-12-04,38
1515,1516,582,60,34.0,21,2019-12-04,38
1516,1517,583,6,25.0,6,2019-08-07,81
1517,1518,583,39,18.0,28,2019-08-07,81
1518,1519,583,60,34.0,30,2019-08-07,81
1519,1520,583,68,12.5,24,2019-08-07,81
1520,1521,584,19,9.2,2,2019-07-31,70
1521,1522,584,35,18.0,8,2019-07-31,70
1522,1523,584,38,263.5,8,2019-07-31,70
1523,1524,584,43,46.0,9,2019-07-31,70
1524,1525,585,13,6.0,3,2019-02-03,41
1525,1526,585,25,14.0,10,2019-02-03,41
1526,1527,585,44,19.45,16,2019-02-03,41
1527,1528,585,64,33.25,3,2019-02-03,41
1528,1529,586,7,30.0,20,2018-07-08,56
1529,1530,586,31,12.5,9,2018-07-08,56
1530,1531,586,53,32.8,9,2018-07-08,56
1531,1532,587,29,123.79,8,2018-12-09,81
1532,1533,587,30,25.89,20,2018-12-09,81
1533,1534,588,59,55.0,15,2019-03-13,1
1534,1535,588,77,13.0,2,2019-03-13,1
1535,1536,589,22,21.0,52,2019-09-18,20
1536,1537,589,35,18.0,6,2019-09-18,20
1537,1538,589,57,19.5,24,2019-09-18,20
1538,1539,589,60,34.0,60,2019-09-18,20
1539,1540,589,64,33.25,30,2019-09-18,20
1540,1541,590,13,6.0,6,2019-02-13,5
1541,1542,590,40,18.4,25,2019-02-13,5
1542,1543,590,47,9.5,40,2019-02-13,5
1543,1544,590,76,18.0,21,2019-02-13,5
1544,1545,591,1,18.0,4,2019-08-23,47
1545,1546,591,18,62.5,25,2019-08-23,47
1546,1547,591,36,19.0,50,2019-08-23,47
1547,1548,592,58,13.25,30,2019-01-01,81
1548,1549,592,72,34.8,15,2019-01-01,81
1549,1550,593,25,14.0,6,2019-09-04,47
1550,1551,593,39,18.0,10,2019-09-04,47
1551,1552,594,10,31.0,16,2019-05-03,76
1552,1553,594,56,38.0,30,2019-05-03,76
1553,1554,594,59,55.0,50,2019-05-03,76
1554,1555,594,77,13.0,15,2019-05-03,76
1555,1556,595,11,21.0,15,2019-07-27,80
1556,1557,595,43,46.0,5,2019-07-27,80
1557,1558,595,68,12.5,20,2019-07-27,80
1558,1559,595,70,15.0,12,2019-07-27,80
1559,1560,596,51,53.0,4,2020-02-23,84
1560,1561,597,22,21.0,35,2020-02-28,59
1561,1562,598,23,9.0,70,2018-01-07,63
1562,1563,598,35,18.0,25,2018-01-07,63
1563,1564,598,42,14.0,42,2018-01-07,63
1564,1565,598,58,13.25,60,2018-01-07,63
1565,1566,598,64,33.25,48,2018-01-07,63
1566,1567,599,4,22.0,21,2018-07-30,76
1567,1568,599,70,15.0,30,2018-07-30,76
1568,1569,599,74,10.0,20,2018-07-30,76
1569,1570,600,1,18.0,80,2018-11-23,71
1570,1571,600,19,9.2,12,2018-11-23,71
1571,1572,600,37,26.0,60,2018-11-23,71
1572,1573,600,45,9.5,36,2018-11-23,71
1573,1574,600,60,34.0,45,2018-11-23,71
1574,1575,600,71,21.5,55,2018-11-23,71
1575,1576,601,5,21.35,30,2018-07-28,16
1576,1577,601,9,97.0,3,2018-07-28,16
1577,1578,602,3,10.0,49,2019-05-15,39
1578,1579,602,26,31.23,18,2019-05-15,39
1579,1580,603,25,14.0,20,2019-06-04,84
1580,1581,603,33,2.5,4,2019-06-04,84
1581,1582,603,70,15.0,30,2019-06-04,84
1582,1583,604,2,19.0,5,2019-09-17,67
1583,1584,604,25,14.0,10,2019-09-17,67
1584,1585,604,57,19.5,10,2019-09-17,67
1585,1586,604,59,55.0,42,2019-09-17,67
1586,1587,605,2,19.0,15,2018-11-26,65
1587,1588,605,17,39.0,6,2018-11-26,65
1588,1589,605,62,49.3,50,2018-11-26,65
1589,1590,606,18,62.5,10,2018-01-08,6
1590,1591,607,10,31.0,100,2019-05-25,20
1591,1592,607,13,6.0,65,2019-05-25,20
1592,1593,608,16,17.45,50,2019-05-18,55
1593,1594,608,31,12.5,14,2019-05-18,55
1594,1595,608,56,38.0,24,2019-05-18,55
1595,1596,608,65,21.05,15,2019-05-18,55
1596,1597,609,2,19.0,20,2018-06-07,3
1597,1598,609,42,14.0,20,2018-06-07,3
1598,1599,610,3,10.0,30,2019-04-23,5
1599,1600,610,26,31.23,35,2019-04-23,5
1600,1601,610,29,123.79,10,2019-04-23,5
1601,1602,611,7,30.0,5,2019-02-24,40
1602,1603,611,27,43.9,10,2019-02-24,40
1603,1604,611,70,15.0,4,2019-02-24,40
1604,1605,612,24,4.5,40,2019-04-30,25
1605,1606,612,54,7.45,35,2019-04-30,25
1606,1607,612,64,33.25,30,2019-04-30,25
1607,1608,613,51,53.0,3,2019-06-01,26
1608,1609,613,76,18.0,20,2019-06-01,26
1609,1610,614,17,39.0,42,2018-10-08,89
1610,1611,614,18,62.5,20,2018-10-08,89
1611,1612,614,21,10.0,40,2018-10-08,89
1612,1613,614,33,2.5,35,2018-10-08,89
1613,1614,614,62,49.3,3,2018-10-08,89
1614,1615,615,11,21.0,25,2019-07-03,44
1615,1616,615,52,7.0,8,2019-07-03,44
1616,1617,616,1,18.0,20,2019-11-26,35
1617,1618,616,58,13.25,12,2019-11-26,35
1618,1619,617,35,18.0,4,2020-10-02,4
1619,1620,617,67,14.0,15,2020-10-02,4
1620,1621,618,38,263.5,60,2018-12-27,63
1621,1622,618,39,18.0,80,2018-12-27,63
1622,1623,619,2,19.0,21,2019-06-25,5
1623,1624,619,24,4.5,6,2019-06-25,5
1624,1625,619,30,25.89,40,2019-06-25,5
1625,1626,620,53,32.8,3,2018-07-31,48
1626,1627,621,26,31.23,20,2019-02-05,62
1627,1628,621,35,18.0,30,2019-02-05,62
1628,1629,621,49,20.0,42,2019-02-05,62
1629,1630,622,1,18.0,40,2019-01-25,72
1630,1631,622,11,21.0,10,2019-01-25,72
1631,1632,622,23,9.0,50,2019-01-25,72
1632,1633,622,68,12.5,20,2019-01-25,72
1633,1634,623,35,18.0,3,2018-05-11,91
1634,1635,623,51,53.0,2,2018-05-11,91
1635,1636,624,6,25.0,50,2018-07-14,9
1636,1637,624,16,17.45,12,2018-07-14,9
1637,1638,624,17,39.0,16,2018-07-14,9
1638,1639,625,55,24.0,10,2019-04-30,30
1639,1640,625,62,49.3,20,2019-04-30,30
1640,1641,625,64,33.25,15,2019-04-30,30
1641,1642,625,65,21.05,21,2019-04-30,30
1642,1643,626,21,10.0,20,2019-05-03,90
1643,1644,626,28,45.6,3,2019-05-03,90
1644,1645,627,10,31.0,10,2019-05-27,30
1645,1646,628,19,9.2,25,2019-04-23,5
1646,1647,628,47,9.5,21,2019-04-23,5
1647,1648,628,49,20.0,15,2019-04-23,5
1648,1649,629,46,12.0,21,2019-03-11,9
1649,1650,629,64,33.25,20,2019-03-11,9
1650,1651,630,16,17.45,30,2019-05-31,67
1651,1652,630,18,62.5,25,2019-05-31,67
1652,1653,631,20,81.0,20,2019-01-21,63
1653,1654,632,40,18.4,12,2018-07-22,90
1654,1655,632,65,21.05,10,2018-07-22,90
1655,1656,632,76,18.0,10,2018-07-22,90
1656,1657,633,23,9.0,30,2018-10-19,24
1657,1658,633,61,28.5,30,2018-10-19,24
1658,1659,633,70,15.0,50,2018-10-19,24
1659,1660,634,73,15.0,10,2019-02-11,12
1660,1661,635,42,14.0,25,2019-03-30,71
1661,1662,635,49,20.0,20,2019-03-30,71
1662,1663,635,54,7.45,32,2019-03-30,71
1663,1664,636,24,4.5,8,2019-11-22,48
1664,1665,637,21,10.0,40,2019-12-11,45
1665,1666,637,56,38.0,21,2019-12-11,45
1666,1667,637,65,21.05,12,2019-12-11,45
1667,1668,638,2,19.0,20,2019-06-25,76
1668,1669,638,24,4.5,12,2019-06-25,76
1669,1670,638,70,15.0,30,2019-06-25,76
1670,1671,638,77,13.0,25,2019-06-25,76
1671,1672,639,10,31.0,70,2019-04-24,34
1672,1673,639,31,12.5,35,2019-04-24,34
1673,1674,639,77,13.0,40,2019-04-24,34
1674,1675,640,25,14.0,5,2019-08-18,29
1675,1676,641,2,19.0,20,2020-01-14,30
1676,1677,641,68,12.5,18,2020-01-14,30
1677,1678,642,11,21.0,40,2019-06-06,65
1678,1679,642,38,263.5,40,2019-06-06,65
1679,1680,643,17,39.0,15,2018-07-18,18
1680,1681,643,34,14.0,10,2018-07-18,18
1681,1682,643,41,9.65,14,2018-07-18,18
1682,1683,644,30,25.89,15,2019-04-28,44
1683,1684,645,59,55.0,40,2019-08-02,50
1684,1685,646,8,40.0,30,2019-01-26,39
1685,1686,646,24,4.5,10,2019-01-26,39
1686,1687,646,29,123.79,24,2019-01-26,39
1687,1688,646,30,25.89,35,2019-01-26,39
1688,1689,646,36,19.0,20,2019-01-26,39
1689,1690,647,13,6.0,28,2019-07-19,71
1690,1691,647,69,36.0,50,2019-07-19,71
1691,1692,647,75,7.75,120,2019-07-19,71
1692,1693,648,24,4.5,110,2018-08-28,20
1693,1694,648,39,18.0,45,2018-08-28,20
1694,1695,648,40,18.4,91,2018-08-28,20
1695,1696,648,60,34.0,100,2018-08-28,20
1696,1697,649,45,9.5,15,2019-10-07,50
1697,1698,649,56,38.0,16,2019-10-07,50
1698,1699,650,29,123.79,80,2019-10-13,37
1699,1700,650,30,25.89,36,2019-10-13,37
1700,1701,651,13,6.0,5,2020-01-03,54
1701,1702,652,39,18.0,8,2019-08-15,46
1702,1703,653,70,15.0,3,2019-10-02,88
1703,1704,654,41,9.65,30,2019-11-22,35
1704,1705,654,71,21.5,30,2019-11-22,35
1705,1706,655,55,24.0,30,2018-07-30,24
1706,1707,655,62,49.3,6,2018-07-30,24
1707,1708,656,13,6.0,40,2019-10-13,34
1708,1709,656,65,21.05,21,2019-10-13,34
1709,1710,656,68,12.5,20,2019-10-13,34
1710,1711,657,58,13.25,15,2019-08-16,89
1711,1712,657,62,49.3,35,2019-08-16,89
1712,1713,658,1,18.0,20,2018-06-08,88
1713,1714,659,61,28.5,15,2018-12-29,91
1714,1715,660,75,7.75,14,2019-02-01,74
1715,1716,661,7,30.0,20,2019-07-21,66
1716,1717,661,52,7.0,14,2019-07-21,66
1717,1718,662,7,30.0,12,2018-11-17,70
1718,1719,662,16,17.45,15,2018-11-17,70
1719,1720,662,41,9.65,5,2018-11-17,70
1720,1721,663,19,9.2,12,2018-09-12,90
1721,1722,663,49,20.0,10,2018-09-12,90
1722,1723,663,61,28.5,5,2018-09-12,90
1723,1724,664,1,18.0,10,2019-07-24,30
1724,1725,664,17,39.0,12,2019-07-24,30
1725,1726,664,67,14.0,15,2019-07-24,30
1726,1727,665,11,21.0,40,2019-02-14,37
1727,1728,665,29,123.79,60,2019-02-14,37
1728,1729,666,4,22.0,30,2020-02-15,62
1729,1730,666,33,2.5,40,2020-02-15,62
1730,1731,666,58,13.25,15,2020-02-15,62
1731,1732,667,71,21.5,25,2019-09-14,62
1732,1733,668,17,39.0,10,2019-08-29,80
1733,1734,668,33,2.5,30,2019-08-29,80
1734,1735,668,54,7.45,10,2019-08-29,80
1735,1736,669,16,17.45,6,2019-01-01,64
1736,1737,669,32,32.0,6,2019-01-01,64
1737,1738,669,57,19.5,20,2019-01-01,64
1738,1739,670,30,25.89,1,2019-03-27,69
1739,1740,670,60,34.0,10,2019-03-27,69
1740,1741,671,1,18.0,60,2018-12-25,10
1741,1742,671,60,34.0,25,2018-12-25,10
1742,1743,672,16,17.45,24,2018-09-22,47
1743,1744,672,25,14.0,24,2018-09-22,47
1744,1745,672,40,18.4,20,2018-09-22,47
1745,1746,673,50,16.25,24,2019-11-13,4
1746,1747,674,35,18.0,10,2019-12-08,83
1747,1748,674,63,43.9,40,2019-12-08,83
1748,1749,675,17,39.0,15,2019-12-23,34
1749,1750,675,24,4.5,35,2019-12-23,34
1750,1751,676,42,14.0,10,2019-05-03,41
1751,1752,676,43,46.0,10,2019-05-03,41
1752,1753,676,67,14.0,24,2019-05-03,41
1753,1754,677,10,31.0,20,2019-02-19,5
1754,1755,677,28,45.6,30,2019-02-19,5
1755,1756,677,75,7.75,6,2019-02-19,5
1756,1757,678,36,19.0,25,2019-03-09,34
1757,1758,678,52,7.0,12,2019-03-09,34
1758,1759,679,11,21.0,2,2019-04-02,2
1759,1760,679,13,6.0,10,2019-04-02,2
1760,1761,679,19,9.2,7,2019-04-02,2
1761,1762,679,72,34.8,10,2019-04-02,2
1762,1763,680,20,81.0,5,2019-08-24,40
1763,1764,680,52,7.0,5,2019-08-24,40
1764,1765,680,76,18.0,20,2019-08-24,40
1765,1766,681,47,9.5,5,2019-01-30,29
1766,1767,681,76,18.0,5,2019-01-30,29
1767,1768,682,21,10.0,60,2019-08-30,25
1768,1769,682,75,7.75,49,2019-08-30,25
1769,1770,682,77,13.0,15,2019-08-30,25
1770,1771,683,21,10.0,36,2019-03-15,76
1771,1772,683,27,43.9,25,2019-03-15,76
1772,1773,683,55,24.0,25,2019-03-15,76
1773,1774,683,58,13.25,30,2019-03-15,76
1774,1775,684,13,6.0,42,2018-07-14,68
1775,1776,684,57,19.5,30,2018-07-14,68
1776,1777,685,16,17.45,30,2019-12-12,9
1777,1778,685,62,49.3,14,2019-12-12,9
1778,1779,685,72,34.8,16,2019-12-12,9
1779,1780,685,75,7.75,20,2019-12-12,9
1780,1781,686,53,32.8,2,2018-11-22,38
1781,1782,686,61,28.5,30,2018-11-22,38
1782,1783,687,6,25.0,20,2019-02-07,44
1783,1784,688,1,18.0,21,2018-12-20,88
1784,1785,688,18,62.5,4,2018-12-20,88
1785,1786,688,23,9.0,8,2018-12-20,88
1786,1787,689,36,19.0,30,2019-07-13,32
1787,1788,690,28,45.6,8,2018-11-21,12
1788,1789,690,34,14.0,20,2018-11-21,12
1789,1790,691,13,6.0,20,2019-01-18,63
1790,1791,691,43,46.0,24,2019-01-18,63
1791,1792,691,60,34.0,49,2019-01-18,63
1792,1793,691,71,21.5,35,2019-01-18,63
1793,1794,692,2,19.0,10,2020-01-29,49
1794,1795,692,67,14.0,40,2020-01-29,49
1795,1796,693,7,30.0,8,2019-09-13,9
1796,1797,693,13,6.0,20,2019-09-13,9
1797,1798,694,31,12.5,44,2019-10-10,71
1798,1799,694,62,49.3,30,2019-10-10,71
1799,1800,694,68,12.5,80,2019-10-10,71
1800,1801,694,72,34.8,50,2019-10-10,71
1801,1802,695,49,20.0,28,2019-04-08,66
1802,1803,696,13,6.0,15,2020-02-20,11
1803,1804,696,22,21.0,21,2020-02-20,11
1804,1805,696,46,12.0,15,2020-02-20,11
1805,1806,697,11,21.0,5,2020-01-21,10
1806,1807,697,44,19.45,18,2020-01-21,10
1807,1808,697,56,38.0,18,2020-01-21,10
1808,1809,698,13,6.0,20,2019-10-09,52
1809,1810,698,31,12.5,10,2019-10-09,52
1810,1811,699,10,31.0,25,2019-10-20,83
1811,1812,699,24,4.5,25,2019-10-20,83
1812,1813,699,77,13.0,40,2019-10-20,83
1813,1814,700,59,55.0,4,2019-01-10,11
1814,1815,701,50,16.25,9,2019-04-03,30
1815,1816,701,51,53.0,40,2019-04-03,30
1816,1817,701,55,24.0,4,2019-04-03,30
1817,1818,702,6,25.0,12,2019-10-21,10
1818,1819,702,10,31.0,30,2019-10-21,10
1819,1820,702,17,39.0,6,2019-10-21,10
1820,1821,702,62,49.3,60,2019-10-21,10
1821,1822,703,4,22.0,5,2019-08-22,49
1822,1823,704,33,2.5,15,2018-08-13,68
1823,1824,704,41,9.65,6,2018-08-13,68
1824,1825,704,75,7.75,50,2018-08-13,68
1825,1826,705,6,25.0,16,2019-12-01,1
1826,1827,705,28,45.6,2,2019-12-01,1
1827,1828,706,20,81.0,50,2019-02-20,4
1828,1829,706,31,12.5,50,2019-02-20,4
1829,1830,707,16,17.45,28,2020-07-02,47
1830,1831,707,31,12.5,25,2020-07-02,47
1831,1832,707,45,9.5,30,2020-07-02,47
1832,1833,707,60,34.0,24,2020-07-02,47
1833,1834,708,75,7.75,12,2019-07-19,24
1834,1835,709,21,10.0,12,2018-10-12,6
1835,1836,709,47,9.5,14,2018-10-12,6
1836,1837,709,51,53.0,8,2018-10-12,6
1837,1838,710,30,25.89,30,2019-04-04,35
1838,1839,710,35,18.0,40,2019-04-04,35
1839,1840,710,64,33.25,8,2019-04-04,35
1840,1841,711,5,21.35,20,2019-12-04,54
1841,1842,711,7,30.0,6,2019-12-04,54
1842,1843,711,72,34.8,5,2019-12-04,54
1843,1844,712,75,7.75,20,2020-02-18,31
1844,1845,713,24,4.5,10,2019-04-14,35
1845,1846,713,41,9.65,24,2019-04-14,35
1846,1847,714,52,7.0,6,2019-03-20,62
1847,1848,714,76,18.0,60,2019-03-20,62
1848,1849,715,7,30.0,45,2019-09-26,63
1849,1850,715,13,6.0,77,2019-09-26,63
1850,1851,715,53,32.8,20,2019-09-26,63
1851,1852,715,69,36.0,9,2019-09-26,63
1852,1853,715,76,18.0,44,2019-09-26,63
1853,1854,716,60,34.0,2,2019-02-03,28
1854,1855,717,18,62.5,6,2019-10-29,74
1855,1856,717,38,263.5,5,2019-10-29,74
1856,1857,717,69,36.0,10,2019-10-29,74
1857,1858,718,51,53.0,16,2019-05-10,55
1858,1859,719,37,26.0,8,2019-02-25,14
1859,1860,719,56,38.0,12,2019-02-25,14
1860,1861,719,62,49.3,12,2019-02-25,14
1861,1862,720,19,9.2,12,2019-05-09,79
1862,1863,720,49,20.0,40,2019-05-09,79
1863,1864,721,12,38.0,30,2019-01-24,20
1864,1865,721,24,4.5,30,2019-01-24,20
1865,1866,721,64,33.25,4,2019-01-24,20
1866,1867,722,46,12.0,9,2019-06-27,15
1867,1868,723,52,7.0,40,2020-01-23,8
1868,1869,724,29,123.79,14,2019-12-25,26
1869,1870,725,17,39.0,6,2019-07-20,40
1870,1871,725,33,2.5,7,2019-07-20,40
1871,1872,726,26,31.23,5,2019-04-23,40
1872,1873,726,41,9.65,6,2019-04-23,40
1873,1874,726,75,7.75,10,2019-04-23,40
1874,1875,727,63,43.9,10,2019-05-27,75
1875,1876,728,8,40.0,16,2018-11-29,10
1876,1877,728,75,7.75,10,2018-11-29,10
1877,1878,729,28,45.6,20,2019-07-18,35
1878,1879,730,39,18.0,30,2019-02-17,24
1879,1880,730,47,9.5,30,2019-02-17,24
1880,1881,730,51,53.0,10,2019-02-17,24
1881,1882,730,63,43.9,20,2019-02-17,24
1882,1883,731,8,40.0,20,2018-09-07,50
1883,1884,731,21,10.0,40,2018-09-07,50
1884,1885,731,40,18.4,10,2018-09-07,50
1885,1886,731,44,19.45,6,2018-09-07,50
1886,1887,732,7,30.0,18,2020-01-02,20
1887,1888,732,12,38.0,20,2020-01-02,20
1888,1889,732,24,4.5,80,2020-01-02,20
1889,1890,732,27,43.9,30,2020-01-02,20
1890,1891,732,31,12.5,24,2020-01-02,20
1891,1892,732,63,43.9,35,2020-01-02,20
1892,1893,733,75,7.75,40,2019-08-24,24
1893,1894,734,38,263.5,60,2019-06-21,34
1894,1895,735,7,30.0,20,2019-05-12,10
1895,1896,735,43,46.0,9,2019-05-12,10
1896,1897,736,13,6.0,84,2019-05-14,71
1897,1898,736,57,19.5,15,2019-05-14,71
1898,1899,737,16,17.45,55,2018-07-20,71
1899,1900,737,24,4.5,20,2018-07-20,71
1900,1901,737,36,19.0,40,2018-07-20,71
1901,1902,738,16,17.45,36,2019-07-13,37
1902,1903,738,18,62.5,8,2019-07-13,37
1903,1904,738,32,32.0,35,2019-07-13,37
1904,1905,739,11,21.0,30,2020-02-23,54
1905,1906,739,20,81.0,15,2020-02-23,54
1906,1907,739,76,18.0,10,2020-02-23,54
1907,1908,739,77,13.0,15,2020-02-23,54
1908,1909,740,7,30.0,60,2018-04-08,19
1909,1910,740,43,46.0,6,2018-04-08,19
1910,1911,740,72,34.8,20,2018-04-08,19
1911,1912,741,7,30.0,60,2019-01-31,65
1912,1913,741,62,49.3,40,2019-01-31,65
1913,1914,742,6,25.0,40,2019-06-20,61
1914,1915,742,11,21.0,15,2019-06-20,61
1915,1916,742,41,9.65,4,2019-06-20,61
1916,1917,743,21,10.0,65,2019-11-27,20
1917,1918,743,34,14.0,60,2019-11-27,20
1918,1919,743,55,24.0,65,2019-11-27,20
1919,1920,743,61,28.5,66,2019-11-27,20
1920,1921,744,2,19.0,50,2019-09-04,63
1921,1922,744,70,15.0,20,2019-09-04,63
1922,1923,744,76,18.0,90,2019-09-04,63
1923,1924,745,72,34.8,2,2019-10-27,77
1924,1925,746,29,123.79,50,2019-07-06,24
1925,1926,746,41,9.65,35,2019-07-06,24
1926,1927,747,59,55.0,18,2019-03-17,83
1927,1928,748,51,53.0,20,2019-03-31,58
1928,1929,748,60,34.0,4,2019-03-31,58
1929,1930,749,42,14.0,40,2020-02-13,63
1930,1931,750,32,32.0,50,2019-04-25,46
1931,1932,750,46,12.0,20,2019-04-25,46
1932,1933,750,52,7.0,20,2019-04-25,46
1933,1934,751,24,4.5,12,2019-05-26,91
1934,1935,751,61,28.5,7,2019-05-26,91
1935,1936,751,74,10.0,20,2019-05-26,91
1936,1937,751,75,7.75,30,2019-05-26,91
1937,1938,752,41,9.65,20,2018-11-19,56
1938,1939,752,51,53.0,15,2018-11-19,56
1939,1940,752,77,13.0,21,2018-11-19,56
1940,1941,753,4,22.0,25,2019-01-06,65
1941,1942,753,24,4.5,30,2019-01-06,65
1942,1943,753,77,13.0,30,2019-01-06,65
1943,1944,754,7,30.0,60,2018-07-25,24
1944,1945,754,22,21.0,25,2018-07-25,24
1945,1946,754,46,12.0,25,2018-07-25,24
1946,1947,754,55,24.0,6,2018-07-25,24
1947,1948,755,13,6.0,56,2019-06-14,71
1948,1949,755,35,18.0,15,2019-06-14,71
1949,1950,755,42,14.0,24,2019-06-14,71
1950,1951,755,55,24.0,40,2019-06-14,71
1951,1952,756,1,18.0,4,2019-12-09,78
1952,1953,756,40,18.4,10,2019-12-09,78
1953,1954,756,52,7.0,10,2019-12-09,78
1954,1955,757,26,31.23,6,2019-12-18,50
1955,1956,757,76,18.0,6,2019-12-18,50
1956,1957,758,1,18.0,2,2018-09-11,90
1957,1958,758,59,55.0,10,2018-09-11,90
1958,1959,759,1,18.0,8,2019-04-13,32
1959,1960,759,29,123.79,2,2019-04-13,32
1960,1961,760,8,40.0,30,2019-08-27,60
1961,1962,760,29,123.79,10,2019-08-27,60
1962,1963,760,42,14.0,14,2019-08-27,60
1963,1964,761,28,45.6,70,2018-07-25,20
1964,1965,761,34,14.0,90,2018-07-25,20
1965,1966,761,71,21.5,21,2018-07-25,20
1966,1967,762,24,4.5,12,2018-09-27,30
1967,1968,762,36,19.0,18,2018-09-27,30
1968,1969,762,60,34.0,9,2018-09-27,30
1969,1970,763,7,30.0,20,2019-04-07,66
1970,1971,763,24,4.5,10,2019-04-07,66
1971,1972,764,58,13.25,40,2019-06-15,1
1972,1973,764,71,21.5,20,2019-06-15,1
1973,1974,765,19,9.2,50,2018-07-30,25
1974,1975,765,60,34.0,36,2018-07-30,25
1975,1976,765,71,21.5,60,2018-07-30,25
1976,1977,766,23,9.0,10,2019-05-27,69
1977,1978,766,42,14.0,4,2019-05-27,69
1978,1979,766,45,9.5,20,2019-05-27,69
1979,1980,766,68,12.5,2,2019-05-27,69
1980,1981,767,41,9.65,28,2019-01-06,47
1981,1982,768,30,25.89,15,2018-11-09,70
1982,1983,768,77,13.0,18,2018-11-09,70
1983,1984,769,31,12.5,15,2020-08-02,4
1984,1985,769,36,19.0,16,2020-08-02,4
1985,1986,770,3,10.0,25,2019-03-19,20
1986,1987,770,59,55.0,110,2019-03-19,20
1987,1988,770,70,15.0,30,2019-03-19,20
1988,1989,771,12,38.0,20,2018-11-12,48
1989,1990,771,18,62.5,10,2018-11-12,48
1990,1991,771,56,38.0,5,2018-11-12,48
1991,1992,772,46,12.0,3,2018-02-08,64
1992,1993,772,49,20.0,2,2018-02-08,64
1993,1994,773,10,31.0,24,2019-04-15,56
1994,1995,774,2,19.0,11,2018-10-26,63
1995,1996,774,20,81.0,15,2018-10-26,63
1996,1997,774,26,31.23,63,2018-10-26,63
1997,1998,774,51,53.0,44,2018-10-26,63
1998,1999,774,72,34.8,35,2018-10-26,63
1999,2000,775,19,9.2,35,2019-03-06,34
2000,2001,775,69,36.0,30,2019-03-06,34
2001,2002,776,7,30.0,4,2018-10-17,11
2002,2003,776,43,46.0,30,2018-10-17,11
2003,2004,777,26,31.23,12,2018-11-25,19
2004,2005,777,33,2.5,30,2018-11-25,19
2005,2006,777,65,21.05,21,2018-11-25,19
2006,2007,777,71,21.5,50,2018-11-25,19
2007,2008,778,1,18.0,10,2019-08-19,87
2008,2009,778,13,6.0,20,2019-08-19,87
2009,2010,779,18,62.5,8,2019-05-08,27
2010,2011,779,51,53.0,10,2019-05-08,27
2011,2012,780,24,4.5,30,2018-11-24,10
2012,2013,780,62,49.3,21,2018-11-24,10
2013,2014,781,55,24.0,35,2018-11-27,39
2014,2015,781,59,55.0,24,2018-11-27,39
2015,2016,782,56,38.0,20,2019-05-05,14
2016,2017,782,63,43.9,12,2019-05-05,14
2017,2018,783,2,19.0,100,2019-10-24,71
2018,2019,783,5,21.35,70,2019-10-24,71
2019,2020,783,29,123.79,60,2019-10-24,71
2020,2021,783,59,55.0,100,2019-10-24,71
2021,2022,784,1,18.0,45,2019-06-03,71
2022,2023,784,13,6.0,80,2019-06-03,71
2023,2024,784,24,4.5,21,2019-06-03,71
2024,2025,784,64,33.25,20,2019-06-03,71
2025,2026,784,71,21.5,16,2019-06-03,71
2026,2027,785,36,19.0,35,2019-08-21,89
2027,2028,785,38,263.5,25,2019-08-21,89
2028,2029,785,59,55.0,30,2019-08-21,89
2029,2030,786,53,32.8,70,2018-10-16,68
2030,2031,786,69,36.0,36,2018-10-16,68
2031,2032,787,21,10.0,15,2019-04-12,55
2032,2033,787,44,19.45,12,2019-04-12,55
2033,2034,787,61,28.5,6,2019-04-12,55
2034,2035,788,1,18.0,10,2019-09-13,76
2035,2036,788,35,18.0,60,2019-09-13,76
2036,2037,788,42,14.0,30,2019-09-13,76
2037,2038,788,54,7.45,10,2019-09-13,76
2038,2039,789,13,6.0,7,2018-07-20,17
2039,2040,789,59,55.0,30,2018-07-20,17
2040,2041,790,70,15.0,4,2018-07-14,30
2041,2042,791,40,18.4,5,2018-12-07,76
2042,2043,791,52,7.0,2,2018-12-07,76
2043,2044,791,71,21.5,30,2018-12-07,76
2044,2045,792,28,45.6,20,2018-07-18,47
2045,2046,792,35,18.0,24,2018-07-18,47
2046,2047,792,49,20.0,60,2018-07-18,47
2047,2048,792,57,19.5,28,2018-07-18,47
2048,2049,793,21,10.0,20,2018-08-25,32
2049,2050,794,2,19.0,30,2019-11-02,14
2050,2051,794,63,43.9,30,2019-11-02,14
2051,2052,795,44,19.45,15,2019-06-15,15
2052,2053,795,61,28.5,4,2019-06-15,15
2053,2054,796,11,21.0,10,2019-01-10,74
2054,2055,797,62,49.3,12,2018-09-07,91
2055,2056,798,33,2.5,15,2019-03-12,10
2056,2057,798,51,53.0,24,2019-03-12,10
2057,2058,799,12,38.0,20,2018-10-24,86
2058,2059,799,32,32.0,15,2018-10-24,86
2059,2060,799,35,18.0,18,2018-10-24,86
2060,2061,800,1,18.0,25,2019-09-03,19
2061,2062,800,5,21.35,30,2019-09-03,19
2062,2063,801,68,12.5,42,2019-04-21,10
2063,2064,802,2,19.0,10,2018-10-14,31
2064,2065,802,12,38.0,4,2018-10-14,31
2065,2066,803,76,18.0,50,2019-03-19,24
2066,2067,804,24,4.5,10,2019-07-13,41
2067,2068,805,43,46.0,30,2019-02-11,34
2068,2069,805,61,28.5,10,2019-02-11,34
2069,2070,806,18,62.5,35,2018-09-23,59
2070,2071,806,32,32.0,20,2018-09-23,59
2071,2072,806,64,33.25,25,2018-09-23,59
2072,2073,807,33,2.5,10,2019-06-01,12
2073,2074,807,67,14.0,20,2019-06-01,12
2074,2075,808,24,4.5,15,2018-09-19,35
2075,2076,808,25,14.0,15,2018-09-19,35
2076,2077,808,51,53.0,20,2018-09-19,35
2077,2078,808,57,19.5,20,2018-09-19,35
2078,2079,809,7,30.0,40,2019-09-26,19
2079,2080,809,55,24.0,35,2019-09-26,19
2080,2081,809,60,34.0,50,2019-09-26,19
2081,2082,810,70,15.0,3,2018-12-24,53
2082,2083,811,21,10.0,3,2018-11-17,6
2083,2084,811,60,34.0,21,2018-11-17,6
2084,2085,811,61,28.5,4,2018-11-17,6
2085,2086,812,13,6.0,30,2018-12-20,67
2086,2087,812,17,39.0,12,2018-12-20,67
2087,2088,812,60,34.0,35,2018-12-20,67
2088,2089,813,60,34.0,4,2019-09-21,27
2089,2090,813,77,13.0,10,2019-09-21,27
2090,2091,814,60,34.0,15,2019-10-31,32
2091,2092,815,53,32.8,10,2019-10-26,66
2092,2093,815,70,15.0,12,2019-10-26,66
2093,2094,816,34,14.0,30,2019-02-06,37
2094,2095,816,40,18.4,40,2019-02-06,37
2095,2096,816,41,9.65,30,2019-02-06,37
2096,2097,817,17,39.0,77,2019-02-21,71
2097,2098,817,41,9.65,12,2019-02-21,71
2098,2099,817,53,32.8,25,2019-02-21,71
2099,2100,817,55,24.0,4,2019-02-21,71
2100,2101,817,68,12.5,55,2019-02-21,71
2101,2102,818,30,25.89,4,2018-12-17,46
2102,2103,818,54,7.45,20,2018-12-17,46
2103,2104,819,16,17.45,3,2018-11-22,89
2104,2105,819,19,9.2,42,2018-11-22,89
2105,2106,819,34,14.0,35,2018-11-22,89
2106,2107,820,41,9.65,9,2019-01-02,17
2107,2108,821,28,45.6,8,2018-07-30,62
2108,2109,821,43,46.0,36,2018-07-30,62
2109,2110,821,77,13.0,28,2018-07-30,62
2110,2111,822,39,18.0,20,2018-10-26,80
2111,2112,823,1,18.0,40,2019-11-16,44
2112,2113,823,2,19.0,20,2019-11-16,44
2113,2114,823,16,17.45,30,2019-11-16,44
2114,2115,823,31,12.5,20,2019-11-16,44
2115,2116,824,7,30.0,15,2019-05-15,46
2116,2117,824,13,6.0,10,2019-05-15,46
2117,2118,825,2,19.0,8,2018-09-25,20
2118,2119,825,41,9.65,40,2018-09-25,20
2119,2120,825,50,16.25,22,2018-09-25,20
2120,2121,825,64,33.25,130,2018-09-25,20
2121,2122,826,11,21.0,10,2018-02-10,58
2122,2123,826,24,4.5,20,2018-02-10,58
2123,2124,827,16,17.45,14,2019-01-26,73
2124,2125,828,2,19.0,10,2018-02-12,68
2125,2126,828,46,12.0,30,2018-02-12,68
2126,2127,828,76,18.0,2,2018-02-12,68
2127,2128,829,6,25.0,20,2018-11-25,9
2128,2129,829,14,23.25,20,2018-11-25,9
2129,2130,829,19,9.2,10,2018-11-25,9
2130,2131,830,2,19.0,24,2019-03-30,65
2131,2132,830,3,10.0,4,2019-03-30,65
2132,2133,830,4,22.0,1,2019-03-30,65
2133,2134,830,6,25.0,1,2019-03-30,65
2134,2135,830,7,30.0,1,2019-03-30,65
2135,2136,830,8,40.0,2,2019-03-30,65
2136,2137,830,10,31.0,1,2019-03-30,65
2137,2138,830,12,38.0,2,2019-03-30,65
2138,2139,830,13,6.0,4,2019-03-30,65
2139,2140,830,14,23.25,1,2019-03-30,65
2140,2141,830,16,17.45,2,2019-03-30,65
2141,2142,830,20,81.0,1,2019-03-30,65
2142,2143,830,23,9.0,2,2019-03-30,65
2143,2144,830,32,32.0,1,2019-03-30,65
2144,2145,830,39,18.0,2,2019-03-30,65
2145,2146,830,41,9.65,3,2019-03-30,65
2146,2147,830,46,12.0,3,2019-03-30,65
2147,2148,830,52,7.0,2,2019-03-30,65
2148,2149,830,55,24.0,2,2019-03-30,65
2149,2150,830,60,34.0,2,2019-03-30,65
2150,2151,830,64,33.25,2,2019-03-30,65
2151,2152,830,66,17.0,1,2019-03-30,65
2152,2153,830,73,15.0,2,2019-03-30,65
2153,2154,830,75,7.75,4,2019-03-30,65
2154,2155,830,77,13.0,2,2019-03-30,65
